Compound_id,pChEMBL Value,smiles
CHEMBL103667,,Cc1ccc(-n2nc(C(C)(C)C)cc2NC(=O)Nc2ccc(OCCN3CCOCC3)c3ccccc23)cc1
CHEMBL1080994,,Cc1c(Nc2c(C#N)cncc2/C=C/c2cccc(S(=O)(=O)N3CCN(C)CC3)c2)ccc2[nH]ccc12
CHEMBL1080995,,Cc1ncc(C#N)c(Nc2ccc3[nH]ccc3c2C)c1/C=C/c1cccc(S(=O)(=O)N2CCN(C)CC2)c1
CHEMBL1086811,6.71,O=C1Nc2ccc([N+](=O)[O-])cc2/C1=C1/Nc2ccc(Cl)cc2/C1=N/O
CHEMBL1088704,7.89,O=C1Nc2ccc([N+](=O)[O-])cc2/C1=C1/Nc2ccc(O)cc2/C1=N/O
CHEMBL1091356,,CC(C)N1CCN(C(=O)c2ccc(NC(=O)Nc3ccc(-c4nc(C5CCOCC5)nc(N5C6CCC5COC6)n4)cc3)cc2)CC1
CHEMBL1094408,6.8,COc1ccc(N2CCN(C)CC2)cc1Nc1ncc2c(n1)-c1c(c(C(N)=O)nn1C)CC2
CHEMBL1096380,5,CC(C)(C)c1[nH]cnc1/C=c1\[nH]c(=O)/c(=C/c2ccccc2)[nH]c1=O
CHEMBL112050,6.36,CN1CCC(c2c(O)cc(O)c3c(=O)cc(Sc4ccccc4)oc23)C(O)C1
CHEMBL112582,7.1,CN1CCC(c2c(O)cc(O)c3c(=O)cc(SC(C)(C)C)oc23)C(O)C1
CHEMBL114250,4.12,CC(C)Oc1[nH]c(N)nc2ncnc1-2
CHEMBL114250,4.12,CC(C)Oc1[nH]c(N)nc2ncnc1-2
CHEMBL115498,5.22,Nc1nc(OCC2CC=CCC2)c2[nH]cnc2n1
CHEMBL115498,5.22,Nc1nc(OCC2CC=CCC2)c2[nH]cnc2n1
CHEMBL1170012,4.6,Cc1ccc(S(=O)(=O)Nc2cccc(C(F)(F)F)c2)cc1
CHEMBL1170818,5.02,NC(=O)c1c(Br)n(O[C@H]2O[C@@H](CO)[C@@H](O)[C@@H]2O)c2ncncc12
CHEMBL1171238,4.67,O=C(CBr)N(c1ccccc1)S(=O)(=O)c1cc(Cl)sc1Cl
CHEMBL1171969,7,O=S(=O)(Nc1cccc(C(F)(F)F)c1)c1cc(Cl)c(Cl)cc1Cl
CHEMBL1171972,4.31,Cc1ccc(NS(=O)(=O)c2cc(Cl)sc2Cl)cc1
CHEMBL1172129,6.1,Cc1ccc(Cl)cc1S(=O)(=O)Nc1ccc(Cl)c(Cl)c1
CHEMBL1172329,4.98,Cc1ccc(N(SC(Cl)(Cl)Cl)S(=O)(=O)c2cc(Cl)sc2Cl)cc1
CHEMBL1203920,6.82,Cl.OC[C@H]1O[C@@](CO)(OC2O[C@H](COC3O[C@H](CO)[C@H](O)[C@H](O)[C@H]3O)[C@@H](O)[C@H](O)[C@H]2O)[C@@H](O)[C@@H]1O
CHEMBL1222044,,NC(=O)c1sc2c([N+](=O)[O-])cc(SC(F)(F)F)cc2[n+]1[O-]
CHEMBL122264,5,c1ccc(Nc2nc(OCC3CCCCC3)c3[nH]cnc3n2)cc1
CHEMBL1230169,6.47,CC(C)c1n[nH]cc1-c1ccnc(NC2CCN(C)CC2)n1
CHEMBL1230170,5.2,CC(C)c1n[nH]c(Cl)c1-c1ccnc(Nc2ccc(N3CCNCC3)cn2)n1
CHEMBL1230607,7.22,CC(C)CC(=O)Nc1n[nH]c2c1CN(C(=O)C1CCN(C)CC1)C2(C)C
CHEMBL1234593,4.04,CC(C)c1nc2c(OCC3CCCCC3)nc(N)nc2[nH]1
CHEMBL1234833,7.48,CC(C)c1cnn2c(NCc3ccccc3)cc(N[C@@H](CO)[C@H](O)CO)nc12
CHEMBL1242367,,CCNc1cc(N[C@H]2CC[C@@H](O)CC2)nc(Nc2ccc3c(ccn3Cc3ccccc3)c2)n1
CHEMBL1242973,6.22,COC(=O)[C@@]1(Cc2ccc(O)c(CC=C(C)C)c2)OC(=O)C(O)=C1c1ccc(O)cc1
CHEMBL1242973,6.22,COC(=O)[C@@]1(Cc2ccc(O)c(CC=C(C)C)c2)OC(=O)C(O)=C1c1ccc(O)cc1
CHEMBL1269112,5.57,Cc1n[nH]cc1-c1ccnc(NC2CCCC2)n1
CHEMBL1269113,5.48,Cc1n[nH]cc1-c1ccnc(NC2CCCCC2)n1
CHEMBL1271509,5.52,Cc1cnc(NC2CCN(C)CC2)nc1-c1c[nH]nc1C(C)C
CHEMBL1271510,,Cc1[nH]nc(C(C)C)c1-c1ccnc(NC2CCN(C)CC2)n1
CHEMBL1271511,5.6,CC(C)c1n[nH]cc1-c1nc(NC2CCN(C)CC2)ncc1Br
CHEMBL1271563,5.76,CC(C)c1n[nH]c(Br)c1-c1ccnc(NC2CCN(C)CC2)n1
CHEMBL1271564,5.25,CC(C)c1n[nH]cc1-c1ccnc(Nc2ccc(N3CCNCC3)cn2)n1
CHEMBL1271620,7.15,CC(C)c1n[nH]cc1-c1ccnc(Nc2ccc(N3CCNCC3)cc2)n1
CHEMBL1271621,5.97,CC(C)c1n[nH]cc1-c1ccnc(Nc2ccccn2)n1
CHEMBL1271622,,Cc1n[nH]cc1-c1ccnc(Nc2ccc(N3CCNCC3)cn2)n1
CHEMBL1271670,5.27,FC(F)(F)c1n[nH]cc1-c1ccnc(Nc2ccc(N3CCNCC3)cn2)n1
CHEMBL1271671,4.82,c1cc(-c2c[nH]nc2C2CC2)nc(Nc2ccc(N3CCNCC3)cn2)n1
CHEMBL1271724,,CC(C)(C)c1n[nH]cc1-c1ccnc(Nc2ccc(N3CCNCC3)cn2)n1
CHEMBL1271725,,Fc1ccc(-c2n[nH]cc2-c2ccnc(Nc3ccc(N4CCNCC4)cn3)n2)cc1
CHEMBL1271784,,Cc1[nH]nc(C(C)C)c1-c1ccnc(Nc2ccc(N3CCNCC3)cn2)n1
CHEMBL1271842,5.46,CC(C)c1n[nH]c(Cl)c1-c1ccnc(Nc2ccc(N3CCNCC3)nn2)n1
CHEMBL1271843,5.5,CC(C)c1n[nH]c(Cl)c1-c1ccnc(Nc2cnc(N3CCNCC3)cn2)n1
CHEMBL1271898,5.15,CC(C)c1n[nH]c(Cl)c1-c1ccnc(Nc2ccc(C3CCNCC3)cn2)n1
CHEMBL1271899,5.51,CC(C)c1n[nH]c(Cl)c1-c1ccnc(Nc2ccc(N3CCN(C)CC3)cn2)n1
CHEMBL1271953,5.06,CC(C)c1n[nH]c(Cl)c1-c1ccnc(Nc2ccc(N3CCN(CCO)CC3)cn2)n1
CHEMBL1271954,4.96,CC(C)c1n[nH]c(Cl)c1-c1ccnc(Nc2ccc(N3CCN[C@@H](C)C3)cn2)n1
CHEMBL1272010,5.08,CC(C)c1n[nH]c(Cl)c1-c1ccnc(Nc2ccc(N3CCN[C@H](C)C3)cn2)n1
CHEMBL1272011,4.99,CC(C)c1n[nH]c(Cl)c1-c1ccnc(Nc2ccc(N3CCNC(C)(C)C3)cn2)n1
CHEMBL1272065,4.85,CC1CN(c2ccc(Nc3nccc(-c4c(C(C)C)n[nH]c4Cl)n3)nc2)CC(C)N1
CHEMBL1272066,,CC(C)c1n[nH]c(Cl)c1-c1ccnc(Nc2ccc(CN3CCN[C@@H](C)C3)cn2)n1
CHEMBL1272115,,CC(C)c1n[nH]c(Cl)c1-c1ccnc(Nc2ccc(CN3CCN[C@H](C)C3)cn2)n1
CHEMBL1272116,,CC(C)c1n[nH]c(Cl)c1-c1ccnc(Nc2ccc(N3CCC(N(C)C)CC3)cn2)n1
CHEMBL1272171,,CC(C)c1n[nH]c(C(F)(F)F)c1-c1ccnc(Nc2ccc(N3CCC(N(C)C)CC3)cn2)n1
CHEMBL1272326,7.46,CC(C)c1n[nH]cc1-c1ccnc(NC2CCCCC2)n1
CHEMBL1272327,6.31,CC(C)c1n[nH]cc1-c1ccnc(NC2CCNCC2)n1
CHEMBL1276127,5,O=C1Nc2ccccc2/C1=C1/Nc2ccccc2C1=O
CHEMBL1276127,4.7,O=C1Nc2ccccc2/C1=C1/Nc2ccccc2C1=O
CHEMBL1276317,5.78,O=C1Nc2ccccc2/C1=C1/Nc2ccccc2/C1=N\OCC(O)CO
CHEMBL130395,4.79,CN1CCC(c2c(O)cc(O)c3c(O)c/c(=N\c4ccccc4)oc23)C(O)C1
CHEMBL132243,5.92,CC(C)n1cnc2c(NCc3ccccc3)nc(C#CCO)nc21
CHEMBL132687,5.6,CC(C)n1cnc2c(NCc3ccccc3)nc(CCCO)nc21
CHEMBL132888,5.6,CN1CCC(c2c(O)cc(O)c3c(=O)cc(N4CCCCC4)oc23)C(O)C1
CHEMBL133498,6.89,CN1CC[C@H](c2c(O)cc(O)c3c(=O)cc(Oc4ccccc4Cl)oc23)[C@H](O)C1
CHEMBL133712,5.38,CC(=O)c1cnc2oc3ccc(O)cc3c2c1-c1ccccc1
CHEMBL134003,5.52,CC(C)n1cnc2c(NCc3ccccc3)nc(CCCCO)nc21
CHEMBL134080,6.7,CC(C)n1cnc2c(NCc3ccccc3)nc(C#CCCCO)nc21
CHEMBL134233,5.52,CCC(O)CCc1nc(NCc2ccccc2)c2ncn(C(C)C)c2n1
CHEMBL134239,6.75,CC(C)n1cnc2c(NCc3ccccc3)nc(C#CC3(O)CCCCC3)nc21
CHEMBL14762,6.35,CC[C@H](CO)Nc1nc(NCc2ccccc2)c2ncn(C(C)C)c2n1
CHEMBL14762,6.46,CC[C@H](CO)Nc1nc(NCc2ccccc2)c2ncn(C(C)C)c2n1
CHEMBL14762,5.68,CC[C@H](CO)Nc1nc(NCc2ccccc2)c2ncn(C(C)C)c2n1
CHEMBL14762,4.77,CC[C@H](CO)Nc1nc(NCc2ccccc2)c2ncn(C(C)C)c2n1
CHEMBL14762,5.62,CC[C@H](CO)Nc1nc(NCc2ccccc2)c2ncn(C(C)C)c2n1
CHEMBL14762,5.54,CC[C@H](CO)Nc1nc(NCc2ccccc2)c2ncn(C(C)C)c2n1
CHEMBL14762,6.35,CC[C@H](CO)Nc1nc(NCc2ccccc2)c2ncn(C(C)C)c2n1
CHEMBL14762,5.1,CC[C@H](CO)Nc1nc(NCc2ccccc2)c2ncn(C(C)C)c2n1
CHEMBL14762,5.57,CC[C@H](CO)Nc1nc(NCc2ccccc2)c2ncn(C(C)C)c2n1
CHEMBL1532768,6.26,CCn1cnc2c(Nc3cccc(Cl)c3)nc(N[C@@H]3CCCC[C@H]3N)nc21
CHEMBL1738758,,CN1CCN(c2ccc(OC(F)(F)F)c(Nc3ncc4c(n3)-c3c(c(C(N)=O)nn3CCO)CC4)c2)CC1
CHEMBL179219,,Cc1cnc2oc3ccc(O)cc3c2c1-c1ccccc1
CHEMBL1801932,4.85,CC(C)c1cnn2c(NCc3ccccc3)cc(NCCCCCCN)nc12
CHEMBL1802381,8,O=C1Nc2ccc(C(=O)CCl)cc2/C1=C/c1ccc[nH]1
CHEMBL1802382,,O=C1Nc2ccc(C(=O)CCl)cc2/C1=C/c1cnc[nH]1
CHEMBL1802383,,Cc1nc[nH]c1/C=C1\C(=O)Nc2ccc(C(=O)CCl)cc21
CHEMBL1802384,5.6,CCc1nc(C)c(/C=C2\C(=O)Nc3ccc(C(=O)CCl)cc32)[nH]1
CHEMBL1802385,,CCc1nc(C)c(/C=C2\C(=O)N(C)c3ccc(C(=O)CCl)cc32)[nH]1.Cl
CHEMBL1802386,5.44,CCc1nc(C)c(/C=C2\C(=O)Nc3ccc(C(C)=O)cc32)[nH]1
CHEMBL1802387,7.05,C#CC(=O)Nc1ccc2c(c1)/C(=C/c1ccc[nH]1)C(=O)N2
CHEMBL1802388,,C#CC(=O)Nc1ccc2c(c1)/C(=C/c1cnc[nH]1)C(=O)N2
CHEMBL1802727,,O=C1Nc2ccccc2/C1=C1/Nc2ccccc2/C1=N\OCCC(O)CO
CHEMBL1802869,,C#CC(=O)Nc1ccc2c(c1)/C(=C/c1[nH]cnc1C)C(=O)N2
CHEMBL1802870,,C#CC(=O)Nc1ccc2c(c1)/C(=C/c1[nH]c(CC)nc1C)C(=O)N2
CHEMBL1802871,,C#CC(=O)Nc1ccc2c(c1)/C(=C/c1[nH]c(CC)nc1C)C(=O)N2C
CHEMBL1802872,,CC#CC(=O)Nc1ccc2c(c1)/C(=C/c1[nH]c(CC)nc1C)C(=O)N2
CHEMBL180341,5.71,Oc1ccc2cnc(Nc3ccc(N4CCOCC4)cc3)nc2c1C1CCCC1
CHEMBL180431,6.88,COc1ccc2cnc(Nc3ccc(N4CCNCC4)cc3)nc2c1C1CCCC1
CHEMBL180993,6.09,CC(C)c1c(O)ccc2cnc(Nc3ccccc3)nc12
CHEMBL181323,,COc1cc(C)c2cnc(Nc3ccc(N4CCN(C(C)=O)CC4)cc3)nc2c1C1CCCC1
CHEMBL181416,6.4,COc1ccc2cnc(Nc3ccc(N4CCC(N)C4)cc3)nc2c1C1CCCC1
CHEMBL181803,,COc1ccc2cnc(Nc3ccc(N4CCCC4)cc3)nc2c1C(C)C
CHEMBL181834,,COc1ccc2cnc(Nc3ccc(N4CCN(C(C)=O)CC4)cc3)nc2c1C1CCCC1
CHEMBL182011,5.71,COc1ccc2cnc(Nc3ccc(N4CCOCC4)cc3)nc2c1C(C)C
CHEMBL1821761,8.3,CS(=O)(=O)N(CCO)c1ccc(Nc2ncc3cnn(C4CCCCCC4)c3n2)cc1
CHEMBL182325,,COc1ccc2cnc(Nc3ccc(N4CCN(C(C)=O)CC4)cc3)nc2c1C(C)C
CHEMBL182498,6.13,COc1ccc2cnc(Nc3ccc(N4CCNCC4)c(F)c3)nc2c1C(C)C
CHEMBL1825089,7.64,CS(=O)(=O)N(CCN1CCOCC1)c1ccc(Nc2ncc3cnn(C4CCCCCC4)c3n2)cc1
CHEMBL1825090,8.3,CS(=O)(=O)N(CCCN1CCOCC1)c1ccc(Nc2ncc3cnn(C4CCCCCC4)c3n2)cc1
CHEMBL1825091,8.22,CS(=O)(=O)N(CCCO)c1ccc(Nc2ncc3cnn(C4CCCCCC4)c3n2)cc1
CHEMBL1825092,7.05,CC(C)N(c1ccc(Nc2ncc3cnn(C4CCCCCC4)c3n2)cc1)S(C)(=O)=O
CHEMBL1825093,8.3,CS(=O)(=O)N(CCN)c1ccc(Nc2ncc3cnn(C4CCCCCC4)c3n2)cc1
CHEMBL1825094,7.64,CS(=O)(=O)N(Cc1ccncc1)c1ccc(Nc2ncc3cnn(C4CCCCCC4)c3n2)cc1
CHEMBL1825095,8.22,CS(=O)(=O)N(CCCN1CCCCC1)c1ccc(Nc2ncc3cnn(C4CCCCCC4)c3n2)cc1
CHEMBL1825096,8.15,CS(=O)(=O)Nc1ccc(Nc2ncc3cnn(C4CCCCCC4)c3n2)cn1
CHEMBL1825097,7.51,CS(=O)(=O)N(CCN1CCOCC1)c1ccc(Nc2ncc3cnn(C4CCCCCC4)c3n2)cn1
CHEMBL1825098,8,CS(=O)(=O)N(CCN1CCCC1)c1ccc(Nc2ncc3cnn(C4CCCCCC4)c3n2)cn1
CHEMBL1825099,8,CN(C)CCN(c1ccc(Nc2ncc3cnn(C4CCCCCC4)c3n2)cn1)S(C)(=O)=O
CHEMBL1825100,8.4,CS(=O)(=O)N(CCO)c1ccc(Nc2ncc3cnn(C4CCCCCC4)c3n2)cn1
CHEMBL1825101,8.52,CS(=O)(=O)N(CCN)c1ccc(Nc2ncc3cnn(C4CCCCCC4)c3n2)cn1
CHEMBL1825102,7.89,CS(=O)(=O)N(Cc1ccncc1)c1ccc(Nc2ncc3cnn(C4CCCCCC4)c3n2)cn1
CHEMBL1825103,,CS(=O)(=O)N(c1ccc(Nc2ncc3cnn(C4CCCCCC4)c3n2)nc1)S(C)(=O)=O
CHEMBL182641,6.3,COc1ccc2cnc(Nc3ccc(N4CCNCC4)cc3)nc2c1C(C)C
CHEMBL182843,6.67,COc1ccc2cnc(Nc3ccc(N4CCNCC4)c(F)c3)nc2c1C1CCCC1
CHEMBL1830064,6.04,COc1ccc2c(c1)/C(=C1/Nc3ccccc3/C1=N\O)C(=O)N2
CHEMBL183200,,Cc1cc(O)c(C2CCCC2)c2nc(Nc3ccc(N4CCNCC4)cc3)ncc12
CHEMBL183269,,COc1ccc2cnc(Nc3ccc(N4CCCCC4)cc3)nc2c1C1CCCC1
CHEMBL183408,4.19,COc1cnc2oc3ccc(O)cc3c2c1-c1ccccc1
CHEMBL183455,6.1,COc1ccc2cnc(Nc3ccccc3)nc2c1C1CCCC1
CHEMBL183511,5.89,COc1ccc2cnc(Nc3ccc(N4CCC(N)C4)cc3)nc2c1C(C)C
CHEMBL183855,,COc1cc(C)c2cnc(Nc3ccc(N4CCNCC4)cc3)nc2c1C1CCCC1
CHEMBL189963,,CC(=O)c1c(C)c2cnc(Nc3ccc(N4CCNCC4)cn3)nc2n(C2CCCC2)c1=O
CHEMBL1921805,4.62,CC[C@H](Nc1nc(NCc2ccccn2)c2ncn(C(C)C)c2n1)C(C)(C)O
CHEMBL1921814,,COc1ccc(-c2c(C(N)=O)c3c(N)ncnc3n2[C@H]2O[C@@H](CO)[C@@H](O)[C@@H]2O)cc1
CHEMBL1922114,4.41,CC[C@@H](Nc1nc(NCc2ccccn2)c2ncn(C(C)C)c2n1)C(C)O
CHEMBL1922115,4.46,CCC(O)[C@@H](CC)Nc1nc(NCc2ccccn2)c2ncn(C(C)C)c2n1
CHEMBL1922116,4.08,CC[C@@H](Nc1nc(NCc2ccccn2)c2ncn(C(C)C)c2n1)C(O)C(C)C
CHEMBL1922117,,CC[C@@H](Nc1nc(NCc2ccccn2)c2ncn(C(C)C)c2n1)C(O)C(C)(C)C
CHEMBL1922118,4.36,CC[C@@H](Nc1nc(NCc2ccccn2)c2ncn(C(C)C)c2n1)C(C)(C)O
CHEMBL1922119,5.31,CC[C@@H](Nc1nc(NCc2cccnc2)c2ncn(C(C)C)c2n1)C(C)O
CHEMBL1922120,4.92,CCC(O)[C@@H](CC)Nc1nc(NCc2cccnc2)c2ncn(C(C)C)c2n1
CHEMBL1922121,4.7,CC[C@@H](Nc1nc(NCc2cccnc2)c2ncn(C(C)C)c2n1)C(O)C(C)C
CHEMBL1922122,4.64,CC[C@@H](Nc1nc(NCc2cccnc2)c2ncn(C(C)C)c2n1)C(O)C(C)(C)C
CHEMBL1922123,5.21,CC[C@@H](Nc1nc(NCc2cccnc2)c2ncn(C(C)C)c2n1)C(C)(C)O
CHEMBL1922199,4.75,CC[C@@H](Nc1nc(NCc2ccccc2)c2ncn(C(C)C)c2n1)C(C)O
CHEMBL1922200,4.66,CCC(O)[C@@H](CC)Nc1nc(NCc2ccccc2)c2ncn(C(C)C)c2n1
CHEMBL1922201,4.55,CC[C@@H](Nc1nc(NCc2ccccc2)c2ncn(C(C)C)c2n1)C(O)C(C)C
CHEMBL1922202,4.52,CC[C@@H](Nc1nc(NCc2ccccc2)c2ncn(C(C)C)c2n1)C(O)C(C)(C)C
CHEMBL1922203,4.77,CC[C@@H](Nc1nc(NCc2ccccc2)c2ncn(C(C)C)c2n1)C(C)(C)O
CHEMBL1922204,5.05,CC[C@H](Nc1nc(NCc2ccccn2)c2ncn(C(C)C)c2n1)C(C)O
CHEMBL1922205,4.4,CCC(O)[C@H](CC)Nc1nc(NCc2ccccn2)c2ncn(C(C)C)c2n1
CHEMBL1922206,,CC[C@H](Nc1nc(NCc2ccccn2)c2ncn(C(C)C)c2n1)C(O)C(C)C
CHEMBL1922207,,CC[C@H](Nc1nc(NCc2ccccn2)c2ncn(C(C)C)c2n1)C(O)C(C)(C)C
CHEMBL1922208,5.66,CC[C@H](Nc1nc(NCc2cccnc2)c2ncn(C(C)C)c2n1)C(C)O
CHEMBL1922209,4.89,CCC(O)[C@H](CC)Nc1nc(NCc2cccnc2)c2ncn(C(C)C)c2n1
CHEMBL1922210,4.66,CC[C@H](Nc1nc(NCc2cccnc2)c2ncn(C(C)C)c2n1)C(O)C(C)C
CHEMBL1922211,4.68,CC[C@H](Nc1nc(NCc2cccnc2)c2ncn(C(C)C)c2n1)C(O)C(C)(C)C
CHEMBL1922212,5.36,CC[C@H](Nc1nc(NCc2cccnc2)c2ncn(C(C)C)c2n1)C(C)(C)O
CHEMBL1922213,5.03,CC[C@H](Nc1nc(NCc2ccccc2)c2ncn(C(C)C)c2n1)C(C)O
CHEMBL1922214,4.72,CCC(O)[C@H](CC)Nc1nc(NCc2ccccc2)c2ncn(C(C)C)c2n1
CHEMBL1922215,4.47,CC[C@H](Nc1nc(NCc2ccccc2)c2ncn(C(C)C)c2n1)C(O)C(C)C
CHEMBL1922216,4.35,CC[C@H](Nc1nc(NCc2ccccc2)c2ncn(C(C)C)c2n1)C(O)C(C)(C)C
CHEMBL1922217,5.04,CC[C@H](Nc1nc(NCc2ccccc2)c2ncn(C(C)C)c2n1)C(C)(C)O
CHEMBL1923086,,N#Cc1c(Br)n([C@H]2O[C@@H](CO)[C@@H](O)[C@@H]2O)c2ncnc(N)c12
CHEMBL1923087,8.85,NC(=O)c1c(Br)n([C@H]2O[C@@H](CO)[C@@H](O)[C@@H]2O)c2ncnc(N)c12
CHEMBL1923088,,Cc1ccc(-c2c(C#N)c3c(N)ncnc3n2[C@H]2O[C@@H](CO)[C@@H](O)[C@@H]2O)cc1
CHEMBL1923089,,COc1ccc(-c2c(C#N)c3c(N)ncnc3n2[C@H]2O[C@@H](CO)[C@@H](O)[C@@H]2O)cc1
CHEMBL1923090,,COc1cccc(-c2c(C#N)c3c(N)ncnc3n2[C@H]2O[C@@H](CO)[C@@H](O)[C@@H]2O)c1
CHEMBL1923091,,CC(C)(C)c1ccc(-c2c(C#N)c3c(N)ncnc3n2[C@H]2O[C@@H](CO)[C@@H](O)[C@@H]2O)cc1
CHEMBL1923092,,N#Cc1c(-c2ccc(Br)cc2)n([C@H]2O[C@@H](CO)[C@@H](O)[C@@H]2O)c2ncnc(N)c12
CHEMBL1923093,,N#Cc1c(-c2cccc(Br)c2)n([C@H]2O[C@@H](CO)[C@@H](O)[C@@H]2O)c2ncnc(N)c12
CHEMBL1923094,,N#Cc1c(-c2ccc[nH]2)n([C@H]2O[C@@H](CO)[C@@H](O)[C@@H]2O)c2ncnc(N)c12
CHEMBL1923095,,N#Cc1c(-c2cccs2)n([C@H]2O[C@@H](CO)[C@@H](O)[C@@H]2O)c2ncnc(N)c12
CHEMBL1923096,,N#Cc1c(-c2ccco2)n([C@H]2O[C@@H](CO)[C@@H](O)[C@@H]2O)c2ncnc(N)c12
CHEMBL1923097,,N#Cc1c(-c2ccc(Br)s2)n([C@H]2O[C@@H](CO)[C@@H](O)[C@@H]2O)c2ncnc(N)c12
CHEMBL1923098,,Cc1ccc(-c2c(C(N)=O)c3c(N)ncnc3n2[C@H]2O[C@@H](CO)[C@@H](O)[C@@H]2O)cc1
CHEMBL1923099,,COc1cccc(-c2c(C(N)=O)c3c(N)ncnc3n2[C@H]2O[C@@H](CO)[C@@H](O)[C@@H]2O)c1
CHEMBL1923100,,CC(C)(C)c1ccc(-c2c(C(N)=O)c3c(N)ncnc3n2[C@H]2O[C@@H](CO)[C@@H](O)[C@@H]2O)cc1
CHEMBL1923101,,NC(=O)c1c(-c2ccc(Br)cc2)n([C@H]2O[C@@H](CO)[C@@H](O)[C@@H]2O)c2ncnc(N)c12
CHEMBL1923227,,NC(=O)c1c(-c2cccc(Br)c2)n([C@H]2O[C@@H](CO)[C@@H](O)[C@@H]2O)c2ncnc(N)c12
CHEMBL1923228,,NC(=O)c1c(-c2ccc[nH]2)n([C@H]2O[C@@H](CO)[C@@H](O)[C@@H]2O)c2ncnc(N)c12
CHEMBL1923229,,NC(=O)c1c(-c2cccs2)n([C@H]2O[C@@H](CO)[C@@H](O)[C@@H]2O)c2ncnc(N)c12
CHEMBL1923230,,NC(=O)c1c(-c2ccco2)n([C@H]2O[C@@H](CO)[C@@H](O)[C@@H]2O)c2ncnc(N)c12
CHEMBL1923231,,NC(=O)c1c(-c2ccc(Br)s2)n([C@H]2O[C@@H](CO)[C@@H](O)[C@@H]2O)c2ncnc(N)c12
CHEMBL1929238,,CN(C)CCN1CCN(C(=O)c2cc(C(C)(C)C)sc2NC(=O)Nc2cccc(Cl)c2Cl)CCC1=O
CHEMBL1933576,,CN1CCN(c2ccc(OC(F)(F)F)c(Nc3nccc(-c4cc(C(N)=O)cn4C)n3)c2)CC1
CHEMBL1933582,,CN1CCN(c2ccc(OC(F)(F)F)c(Nc3nccc(-c4cc5c(n4C)CCNC5=O)n3)c2)CC1
CHEMBL1952210,,COc1ccc(N2Cc3cnc(Nc4ccccc4)nc3N([C@@H]3CC[C@@H](O)C3)C2=O)cc1
CHEMBL1956069,,COc1cccc(C(=O)c2sc(Nc3ccc(N4CCN(C(C)C)CC4)cc3)nc2N)c1
CHEMBL1956070,,CN1CCN(c2ccc(Nc3nc(N)c(C(=O)c4ccc5c(c4)OCCO5)s3)cc2)CC1
CHEMBL2001835,,Nc1ccc2c(=S)c3ccccc3[nH]c2c1
CHEMBL2017214,,CSc1ccccc1Nc1nc(N2CCNCC2)nc2c(NCC3CC3)ncnc12
CHEMBL2035810,,C=CC(=O)NCc1coc(-c2c(N)ncnc2Nc2ccc(OCc3ccccn3)c(Cl)c2)n1
CHEMBL2063926,,CSc1ccccc1Nc1nc(N2CCN(C3CCNCC3)CC2)nc2c(NCC3CC3)ncnc12
CHEMBL206627,,Cn1cc(/C=C2\C(=O)NN=C2c2nccs2)c2cc3c(cc21)OCO3
CHEMBL208741,,CCn1cnc2ccc3nc(C(=N)NC(C)C)sc3c2c1=O
CHEMBL2089057,,Cc1nn(C)c(C)c1-c1cc(C(=O)c2nc3nc(N4CCC(N(C)C)CC4)ccc3[nH]2)ccc1C#N
CHEMBL2089062,5.05,CN(C)C1CCN(c2ccc3nc(C(=O)c4ccnc(-c5cccnc5)c4)[nH]c3c2)CC1
CHEMBL2089063,5.92,CN(C)C1CCN(c2ccc3nc(C(=O)c4ccnc(-c5cncc6ccccc56)c4)[nH]c3c2)CC1
CHEMBL2089064,,CN(C)C1CCN(c2ccc3[nH]c(C(=O)c4ccnc(-c5cncc6ccccc56)c4)nc3n2)CC1
CHEMBL2089065,5.25,CN(C)C1CCN(c2ccc3[nH]c(C(=O)c4ccc(C#N)c(-c5cncc6ccccc56)c4)nc3n2)CC1
CHEMBL2089066,,Cc1nn(C)c(C)c1-c1cc(C(=O)c2nc3ccc(N4CCC(N(C)C)CC4)cc3[nH]2)ccn1
CHEMBL209467,,CN(CCc1c[nH]c2ccccc12)C(=O)c1ccc(C(C)(C)C)cc1
CHEMBL210229,5,CC(C)n1cnc2ccc3nc(C(=N)NCCN(C)C)sc3c2c1=O
CHEMBL2103840,8.52,CCc1cnn2c(NCc3ccc[n+]([O-])c3)cc(N3CCCC[C@H]3CCO)nc12
CHEMBL2103840,7.14,CCc1cnn2c(NCc3ccc[n+]([O-])c3)cc(N3CCCC[C@H]3CCO)nc12
CHEMBL210474,4.77,CCn1cnc2ccc3nc(C(=N)NCCN(C)C)sc3c2c1=O
CHEMBL213302,,CN(CCc1c[nH]c2ccccc12)C(=O)c1ccc(Cl)cc1
CHEMBL213805,,CN(CCc1c[nH]c2ccccc12)C(=O)c1ccc(-c2ccccc2)cc1
CHEMBL215205,4.36,Nc1n[nH]c(N)c1/N=N/c1ccc(O)cc1
CHEMBL2152252,,CNC(=O)c1nc(-c2ccc(Cl)c(S(=O)(=O)Nc3cccc(F)c3F)c2)cnc1N
CHEMBL2152253,,CNC(=O)c1nc(-c2ccc(Cl)c(S(=O)(=O)Nc3cccc(F)c3C)c2)cnc1N
CHEMBL215919,6.66,CC[C@H](CO)Nc1nc(Nc2cccc(-c3ccccn3)c2)c2ncn(C(C)C)c2n1
CHEMBL2234211,,O=c1[nH]cnc2c(-c3ccc(Br)cc3)n[nH]c12
CHEMBL2234212,,CCOc1ccc(S(=O)(=O)N2CCOCC2)cc1-c1nc2ncccc2c(=O)[nH]1
CHEMBL2234213,,CCOc1ccc(S(=O)(=O)N2CCN(c3ccccc3)CC2)cc1-c1nc2ncccc2c(=O)[nH]1
CHEMBL2234214,,CCOC(=O)C(=O)/C(=N\Nc1ccccc1)C(=O)c1ccccc1
CHEMBL2234215,,CCOC(=O)C(=O)/C(=N\Nc1ccccc1)C(=O)c1ccc(Cl)cc1
CHEMBL2234216,,O=C1NN=C(c2ccccc2)/C(=N/Nc2ccccc2)C1=O
CHEMBL2234217,,O=C1NN=C(c2ccc(Br)cc2)/C(=N/Nc2ccccc2)C1=O
CHEMBL2234218,,CCOC(=O)c1[nH]nc(-c2ccc(F)cc2)c1/N=N/c1ccccc1
CHEMBL2234219,,CCOC(=O)c1[nH]nc(-c2ccc(Cl)cc2)c1/N=N/c1ccccc1
CHEMBL2234220,,CCOC(=O)c1[nH]nc(-c2ccc(Cl)cc2)c1N
CHEMBL2234268,,CCOC(=O)c1[nH]nc(-c2ccc(Br)cc2)c1N
CHEMBL2234269,,O=c1[nH]cnc2c(-c3ccccc3)n[nH]c12
CHEMBL2234607,,O=c1cc(-c2ccc([N+](=O)[O-])cc2)oc2c(CN3CCOCC3)cc(Cl)cc12
CHEMBL2234608,5.32,O=c1cc(-c2ccc([N+](=O)[O-])cc2)oc2c(CN3CCNCC3)cc(Cl)cc12
CHEMBL2234609,,CN(C)Cc1cc(Cl)cc2c(=O)cc(-c3ccc([N+](=O)[O-])cc3)oc12
CHEMBL2234610,5.67,O=c1cc(-c2ccc([N+](=O)[O-])cc2)oc2c(Cn3ccnc3)cc(Cl)cc12
CHEMBL2234611,5.69,CCN(CC)Cc1cc(Cl)cc2c(=O)cc(-c3ccccc3Cl)oc12
CHEMBL2234612,,O=c1cc(-c2ccccc2Cl)oc2c(CN3CCCCC3)cc(Cl)cc12
CHEMBL2234613,,CN1CCN(Cc2cc(Cl)cc3c(=O)cc(-c4ccccc4Cl)oc23)CC1
CHEMBL2234614,,O=c1cc(-c2ccccc2Cl)oc2c(CN3CCOCC3)cc(Cl)cc12
CHEMBL2234615,,O=c1cc(-c2ccccc2Cl)oc2c(CN3CCNCC3)cc(Cl)cc12
CHEMBL2234616,,CN(C)Cc1cc(Cl)cc2c(=O)cc(-c3ccccc3Cl)oc12
CHEMBL2234617,,O=c1cc(-c2ccccc2Cl)oc2c(Cn3ccnc3)cc(Cl)cc12
CHEMBL2234618,5.66,O=c1cc(-c2ccc(Cl)cc2)oc2c(CN3CCOCC3)cc(Cl)cc12
CHEMBL2234627,,Cc1cccc2c(=O)cc(-c3ccc([N+](=O)[O-])cc3)oc12
CHEMBL2234628,,Cc1cc(Cl)cc2c1CC(c1ccc([N+](=O)[O-])cc1)=CC2=O
CHEMBL2234629,,Cc1cc(Cl)cc2c(=O)cc(-c3ccc(Cl)cc3)oc12
CHEMBL2234630,,Cc1cc(Cl)cc2c(=O)cc(-c3ccccc3Cl)oc12
CHEMBL2234631,,Cc1cc(Cl)cc2c(=O)cc(-c3ccc(N)cc3)oc12
CHEMBL2234632,5.66,CCN(CC)Cc1cccc2c(=O)cc(-c3ccc([N+](=O)[O-])cc3)oc12
CHEMBL2234633,5.09,CN1CCN(Cc2cccc3c(=O)cc(-c4ccc([N+](=O)[O-])cc4)oc23)CC1
CHEMBL2234634,,O=c1cc(-c2ccc([N+](=O)[O-])cc2)oc2c(CN3CCOCC3)cccc12
CHEMBL2234635,,CCN(CC)Cc1cc(Cl)cc2c(=O)cc(-c3ccc([N+](=O)[O-])cc3)oc12
CHEMBL2234636,,O=c1cc(-c2ccc([N+](=O)[O-])cc2)oc2c(CN3CCCCC3)cc(Cl)cc12
CHEMBL2234637,5.21,CN1CCN(Cc2cc(Cl)cc3c(=O)cc(-c4ccc([N+](=O)[O-])cc4)oc23)CC1
CHEMBL2312185,6.73,CNc1nc(C)c(-c2nc(Nc3cccc(N4CCCNCC4)c3)ncc2C#N)s1
CHEMBL23254,8.22,CC(C)[C@H](CO)Nc1nc(Nc2ccc(C(=O)O)c(Cl)c2)c2ncn(C(C)C)c2n1
CHEMBL23327,8.4,CC(C)[C@H](CO)Nc1nc(Nc2cccc(Cl)c2)c2ncn(C(C)C)c2n1
CHEMBL23327,6.21,CC(C)[C@H](CO)Nc1nc(Nc2cccc(Cl)c2)c2ncn(C(C)C)c2n1
CHEMBL2335927,4.42,Cn1cnc2c(NC(=N)N)nc(N)nc21
CHEMBL2335928,4.25,CCCn1cnc2c(NC(=N)N)nc(N)nc21
CHEMBL2335929,4.83,CC(C)n1cnc2c(NC(=N)N)nc(N)nc21
CHEMBL2335930,,CC(C)Cn1cnc2c(NC(=N)N)nc(N)nc21
CHEMBL2335931,4.9,CCn1cnc2c(NC(=N)N)nc(N)nc21
CHEMBL2335932,,N=C(N)Nc1nc(N)nc2c1ncn2CC(F)(F)F
CHEMBL2335933,,N=C(N)Nc1nc(N)nc2c1ncn2CCO
CHEMBL2336367,,N=C(N)Nc1nc(N)nc2c1ncn2CCN
CHEMBL2336368,,[N-]=[N+]=NCCn1cnc2c(NC(=N)N)nc(N)nc21
CHEMBL2336369,,Cn1cnc2c(NC(=N)N)ncnc21
CHEMBL2336370,4.19,CC(C)n1cnc2c(N)nc(N)nc21
CHEMBL2336371,4.43,CCn1cnc2c(N)nc(N)nc21
CHEMBL2336372,,CN(C)c1nc(N)nc2c1ncn2CCN=[N+]=[N-]
CHEMBL2336373,4.82,CC(C)n1cnc2c(NC(=N)N)nc(NCCO)nc21
CHEMBL2336374,5.39,CC(C)n1cnc2c(NC(=N)N)nc(NCCCO)nc21
CHEMBL2336375,5.38,CC(C)n1cnc2c(NC(=N)N)nc(NCCCCCCO)nc21
CHEMBL2336376,4.32,CC[C@@H](N)COc1nc(NC(=N)N)c2ncn(C(C)C)c2n1
CHEMBL2336377,5.68,CC[C@H](CO)Nc1nc(NC(=N)N)c2ncn(C(C)C)c2n1
CHEMBL2336378,5.09,CC[C@H](N)COc1nc(NC(=N)N)c2ncn(C(C)C)c2n1
CHEMBL2336379,6.05,CC[C@@H](CO)Nc1nc(NC(=N)N)c2ncn(C(C)C)c2n1
CHEMBL2336380,4.81,CC(C)[C@@H](N)COc1nc(NC(=N)N)c2ncn(C(C)C)c2n1
CHEMBL2336381,5.7,CC(C)[C@H](CO)Nc1nc(NC(=N)N)c2ncn(C(C)C)c2n1
CHEMBL2336382,5.96,CC(C)[C@H](N)COc1nc(NC(=N)N)c2ncn(C(C)C)c2n1
CHEMBL2336383,5.96,CC(C)[C@@H](CO)Nc1nc(NC(=N)N)c2ncn(C(C)C)c2n1
CHEMBL2336384,5.19,CC(C)n1cnc2c(NC(=N)N)nc(NC3CC3)nc21
CHEMBL2336385,,CC(C)n1cnc2c(NC(=N)N)nc(OC[C@@H]3CCCN3)nc21
CHEMBL2336386,5.82,CC(C)n1cnc2c(NC(=N)N)nc(N3CCC[C@H]3CO)nc21
CHEMBL2336387,4.09,CC(C)n1cnc2c(NC(=N)N)nc(OC[C@H]3CCCN3)nc21
CHEMBL2336388,5.21,CC(C)n1cnc2c(NC(=N)N)nc(N3CCC[C@@H]3CO)nc21
CHEMBL2425655,5.82,CS(=O)(=O)N[C@H]1CC[C@H](Nc2nccc(-n3nnc4ccccc43)n2)CC1
CHEMBL2425900,,N#C/N=[N+](\[O-])c1c(N)nc(N)nc1OCC1CCCCC1
CHEMBL2425901,,NC(=O)/N=[N+](\[O-])c1c(N)nc(N)nc1OCC1CCCCC1
CHEMBL2425902,,Cc1ccc(S(=O)(=O)/N=[N+](\[O-])c2c(N)nc(N)nc2OCC2CCCCC2)cc1
CHEMBL2425903,6.85,CNS(=O)(=O)c1ccc(Nc2nc(N)c(/[N+]([O-])=N/C#N)c(OCC3CCCCC3)n2)cc1
CHEMBL2425904,7.15,N#C/N=[N+](\[O-])c1c(N)nc(Nc2ccc(S(=O)(=O)NCCO)cc2)nc1OCC1CCCCC1
CHEMBL2435286,6.05,Cn1cc(-c2nc(-c3c[nH]c4ncccc34)cs2)c2cc(F)ccc21
CHEMBL2435287,6.12,Cn1cc(-c2csc(-c3c[nH]c4ccccc34)n2)c2cccnc21
CHEMBL2435289,6.07,Cn1cc(-c2nc(-c3cn(C)c4ncccc34)cs2)c2cc(F)ccc21
CHEMBL258765,,O=C1c2ccccc2-[n+]2ccc3c([nH]c4ccccc43)c21.[Cl-]
CHEMBL259244,4.57,CCC(C)Oc1nc(N)nc2[nH]cnc12
CHEMBL259244,4.57,CCC(C)Oc1nc(N)nc2[nH]cnc12
CHEMBL260864,,O=C1NC(=O)c2ccc(-c3ccoc3)cc2/C1=C/Nc1ccc(CN2CCCCC2)cc1
CHEMBL26564,6.7,CCC(C)(O)C#Cc1nc(NCc2ccccc2)c2ncn(C(C)C)c2n1
CHEMBL269872,4.68,CC(C)CCOc1nc(N)nc2[nH]cnc12
CHEMBL269872,4.68,CC(C)CCOc1nc(N)nc2[nH]cnc12
CHEMBL269881,5.16,Nc1nc(OCC2CCCCC2)c2nc[nH]c2n1
CHEMBL269881,4.58,Nc1nc(OCC2CCCCC2)c2nc[nH]c2n1
CHEMBL269881,5.16,Nc1nc(OCC2CCCCC2)c2nc[nH]c2n1
CHEMBL269881,4.58,Nc1nc(OCC2CCCCC2)c2nc[nH]c2n1
CHEMBL270483,4.04,C#CCOc1nc(N)nc2[nH]cnc12
CHEMBL270483,4.04,C#CCOc1nc(N)nc2[nH]cnc12
CHEMBL270945,4.21,CCCCCCCOc1nc(N)nc2[nH]cnc12
CHEMBL270945,4.21,CCCCCCCOc1nc(N)nc2[nH]cnc12
CHEMBL270946,4.5,CCCCOc1nc(N)nc2[nH]cnc12
CHEMBL270946,4.5,CCCCOc1nc(N)nc2[nH]cnc12
CHEMBL270979,4.43,Nc1nc(OCCC2CCCCC2)c2nc[nH]c2n1
CHEMBL270979,4.43,Nc1nc(OCCC2CCCCC2)c2nc[nH]c2n1
CHEMBL270980,4.35,CC(C)COc1nc(N)nc2[nH]cnc12
CHEMBL270980,4.35,CC(C)COc1nc(N)nc2[nH]cnc12
CHEMBL270982,4.72,C=C(CC)COc1nc(N)nc2[nH]cnc12
CHEMBL270982,4.72,C=C(CC)COc1nc(N)nc2[nH]cnc12
CHEMBL271564,4.12,CC/C=C/CCOc1nc(N)nc2[nH]cnc12
CHEMBL271564,4.12,CC/C=C/CCOc1nc(N)nc2[nH]cnc12
CHEMBL271593,4.82,Nc1nc(OCC2CCCC2)c2nc[nH]c2n1
CHEMBL271593,4.82,Nc1nc(OCC2CCCC2)c2nc[nH]c2n1
CHEMBL272186,4.82,CCOC(=O)c1cc2ccc3c4cccc(Cl)c4[nH]c3c2[nH]1
CHEMBL272399,,CCOC(=O)c1cc2ccc3c4cc(C)ccc4[nH]c3c2[nH]1
CHEMBL272400,,CCOC(=O)c1cc2ccc3c([nH]c4cccc(Cl)c43)c2[nH]1
CHEMBL272692,4.12,CCCOc1nc(N)nc2[nH]cnc12
CHEMBL272692,4.12,CCCOc1nc(N)nc2[nH]cnc12
CHEMBL272872,4.39,C=CCCCCOc1nc(N)nc2[nH]cnc12
CHEMBL272872,4.39,C=CCCCCOc1nc(N)nc2[nH]cnc12
CHEMBL280074,5.16,Cn1cnc2c(NCc3ccccc3)nc(NCCO)nc21
CHEMBL280074,5.16,Cn1cnc2c(NCc3ccccc3)nc(NCCO)nc21
CHEMBL280074,5.16,Cn1cnc2c(NCc3ccccc3)nc(NCCO)nc21
CHEMBL280074,5.16,Cn1cnc2c(NCc3ccccc3)nc(NCCO)nc21
CHEMBL280074,5.16,Cn1cnc2c(NCc3ccccc3)nc(NCCO)nc21
CHEMBL286423,,COc1ccc(-c2coc3c2-n2cccc2C3=O)cc1OC
CHEMBL287508,5.26,COc1ccc(-c2csc3c2-n2cccc2C3=O)cc1O
CHEMBL296468,6.32,CC(C)(C)c1cnc(CSc2cnc(NC(=O)C3CCNCC3)s2)o1
CHEMBL296468,6.32,CC(C)(C)c1cnc(CSc2cnc(NC(=O)C3CCNCC3)s2)o1
CHEMBL296468,6.32,CC(C)(C)c1cnc(CSc2cnc(NC(=O)C3CCNCC3)s2)o1
CHEMBL296468,6.32,CC(C)(C)c1cnc(CSc2cnc(NC(=O)C3CCNCC3)s2)o1
CHEMBL296586,6.4,O=C1Cc2c([nH]c3ccc(Br)cc23)-c2ccccc2N1
CHEMBL296586,6.4,O=C1Cc2c([nH]c3ccc(Br)cc23)-c2ccccc2N1
CHEMBL303379,5.4,Nc1nc(N)c(N=O)c(OCC2CC=CCC2)n1
CHEMBL303958,5.54,Nc1nc(N)c(N=O)c(OCC2CCCCC2)n1
CHEMBL303958,5.54,Nc1nc(N)c(N=O)c(OCC2CCCCC2)n1
CHEMBL3093075,5.8,Fc1ccccc1[C@H](Nc1nnc(-c2c[nH]c3ncccc23)o1)C1CC1
CHEMBL3093076,5.14,Fc1ncccc1[C@H](Nc1nnc(-c2c[nH]c3ncccc23)o1)C1CC1
CHEMBL3093077,,Fc1cnccc1[C@H](Nc1nnc(-c2c[nH]c3ncccc23)o1)C1CC1
CHEMBL3093078,,Fc1ccccc1[C@H](Nc1nnc(-c2c[nH]c3ncncc23)o1)C1CC1
CHEMBL3093079,,Fc1ccc2c(-c3nnc(N[C@@H](c4cccnc4F)C4CC4)o3)c[nH]c2n1
CHEMBL3093080,5.18,Fc1cnc2[nH]cc(-c3nnc(N[C@@H](c4cccnc4F)C4CC4)o3)c2c1
CHEMBL3110218,4.11,CCc1nc2c(OCC3CCCCC3)nc(N)nc2[nH]1
CHEMBL3110220,,Nc1nc(OCC2CCCCC2)c2nc(-c3ccccc3Cl)[nH]c2n1
CHEMBL3110221,4.03,Cc1ccccc1-c1nc2c(OCC3CCCCC3)nc(N)nc2[nH]1
CHEMBL3110222,,Nc1nc(OCC2CCCCC2)c2nc(C(F)(F)F)[nH]c2n1
CHEMBL3110223,,Cc1c(O)cccc1-c1nc2c(OCC3CCCCC3)nc(N)nc2[nH]1
CHEMBL3110224,,Cc1c(C(=O)O)cccc1-c1nc2c(OCC3CCCCC3)nc(N)nc2[nH]1
CHEMBL3110226,,Nc1nc(OCC2CCCCC2)c2nc(-c3cccc(S(N)(=O)=O)c3)[nH]c2n1
CHEMBL3110227,5.55,Cc1c(-c2nc3c(OCC4CCCCC4)nc(N)nc3[nH]2)cccc1S(N)(=O)=O
CHEMBL311228,6.47,CC(C)n1cnc2/c(=N/c3cccc(Cl)c3)nc(NCCO)[nH]c21
CHEMBL3115672,4.93,O=C(Nc1cc(CN[C@H]2Cc3ccc(Cl)cc3C2)[nH]n1)Nc1cccc2c1C1CCCN1C2=O
CHEMBL3125890,6.1,N#Cc1c(Oc2ccc(F)c(NC(=O)Cc3cccc(C(F)(F)F)c3)c2)ccc2nc(NC(=O)C3CC3)sc12
CHEMBL317469,,COc1ccc(C(=O)/C=C/c2ccccc2)c(O)c1
CHEMBL319467,6.6,NS(=O)(=O)c1ccc(Nc2nc(OCC3CCCCC3)c3nc[nH]c3n2)cc1
CHEMBL319467,6.6,NS(=O)(=O)c1ccc(Nc2nc(OCC3CCCCC3)c3nc[nH]c3n2)cc1
CHEMBL3215571,6,COCCN1CCN(CCO/N=C2C(=C3/C(=O)Nc4cc(Br)ccc43)/Nc3ccccc3/2)CC1.Cl.Cl
CHEMBL3216218,6.52,CN1CCN(CCO/N=C2C(=C3/C(=O)Nc4cc(Br)ccc43)/Nc3ccccc3/2)CC1.Cl.Cl
CHEMBL3216659,6.7,Cl.Cl.O=C1Nc2cc(Br)ccc2C1=C1Nc2ccccc2/C1=N\OCCN1CCNCC1
CHEMBL3216892,6.4,Cl.Cl.O=C1Nc2cc(Br)ccc2/C1=C1/Nc2ccccc2/C1=N\OCCN1CCN(CCO)CC1
CHEMBL3216893,6.3,Cl.Cl.O=C1Nc2cc(Br)ccc2/C1=C1/Nc2ccccc2/C1=N\OCCN1CCN(CCOCCO)CC1
CHEMBL322182,,COc1ccc(CNc2ncnc3c(C(C)C)n[nH]c23)cc1O
CHEMBL323015,5.19,Cc1cc(C)nc(Sc2cc(=O)c3c(O)cc(O)c(C4CCN(C)CC4O)c3o2)n1
CHEMBL3237442,5.52,c1cc2c3cnc(Nc4ccc(N5CCNCC5)cn4)nc3n(C3CCCC3)c2cn1
CHEMBL3237443,5.12,Fc1nccc2c3cnc(Nc4ccc(N5CCNCC5)cn4)nc3n(C3CCCC3)c12
CHEMBL3237444,5.48,Clc1nccc2c3cnc(Nc4ccc(N5CCNCC5)cn4)nc3n(C3CCCC3)c12
CHEMBL3237445,5.65,Cc1nccc2c3cnc(Nc4ccc(N5CCNCC5)cn4)nc3n(C3CCCC3)c12
CHEMBL3237446,5,O=c1[nH]ccc2c3cnc(Nc4ccc(N5CCNCC5)cn4)nc3n(C3CCCC3)c12
CHEMBL3237447,4.52,N#Cc1nccc2c3cnc(Nc4ccc(N5CCNCC5)cn4)nc3n(C3CCCC3)c12
CHEMBL3237448,5.32,c1cc2c3cnc(Nc4ccc(N5CCNCC5)cn4)nc3n(C3CCCC3)c2nn1
CHEMBL3237449,4.89,C[C@@H](CO)n1c2cnccc2c2cnc(Nc3ccc(N4CCNCC4)cn3)nc21
CHEMBL3237450,5.47,O[C@H]1CC[C@H](n2c3cnccc3c3cnc(Nc4ccc(N5CCNCC5)cn4)nc32)CC1
CHEMBL3237451,5.18,c1cc2c3cnc(Nc4ccc(N5CCNCC5)cn4)nc3n(C3CCCCC3)c2cn1
CHEMBL3237702,5.28,CC1CCC(n2c3cnccc3c3cnc(Nc4ccc(N5CCNCC5)cn4)nc32)CC1
CHEMBL3237703,5.58,C[C@H]1CC[C@H](n2c3cnccc3c3cnc(Nc4ccc(N5CCNCC5)cn4)nc32)CC1
CHEMBL3237704,5.54,CC1(C)CCC(n2c3cnccc3c3cnc(Nc4ccc(N5CCNCC5)cn4)nc32)CC1
CHEMBL3237705,5.53,CC1(C)CCCC(n2c3cnccc3c3cnc(Nc4ccc(N5CCNCC5)cn4)nc32)C1
CHEMBL3237706,7.62,C[C@H]1CC[C@H](n2c3cnccc3c3cnc(Nc4ccc(N5CCNCC5)nc4)nc32)CC1
CHEMBL3237707,5.82,C[C@H]1CC[C@H](n2c3cnccc3c3cnc(Nc4ccc(N5CCNCC5)nn4)nc32)CC1
CHEMBL3237708,6.39,C[C@H]1CC[C@H](n2c3cnccc3c3cnc(Nc4ccc(N5CCC(N)CC5)cn4)nc32)CC1
CHEMBL3237709,5.48,CN(C)C1CCN(c2ccc(Nc3ncc4c5ccncc5n([C@H]5CC[C@H](C)CC5)c4n3)nc2)CC1
CHEMBL3237710,5.66,CN(C)C1CCN(c2ccc(Nc3ncc4c5ccncc5n([C@H]5CC[C@H](C)CC5)c4n3)nn2)CC1
CHEMBL3237711,5.57,CN(C)C1CCN(c2ccc(Nc3ncc4c5ccncc5n([C@H]5CC[C@H](C)CC5)c4n3)nc2F)CC1
CHEMBL3237712,6.1,COc1nc(Nc2ncc3c4ccncc4n([C@H]4CC[C@H](C)CC4)c3n2)ccc1N1CCC(N(C)C)CC1
CHEMBL3237713,5.81,C[C@@H](O)CN(C)C1CCN(c2ccc(Nc3ncc4c5ccncc5n([C@H]5CC[C@H](C)CC5)c4n3)nn2)CC1
CHEMBL3237714,5.98,C[C@H]1CC[C@H](n2c3cnccc3c3cnc(Nc4ccc(N5CCN(C(=O)CO)CC5)nn4)nc32)CC1
CHEMBL3237715,5.4,CS(=O)(=O)CC1CCN(c2ccc(Nc3ncc4c5ccncc5n([C@H]5CC[C@H](C)CC5)c4n3)nn2)CC1
CHEMBL3237716,5.79,C[C@H]1CC[C@H](n2c3cnccc3c3cnc(Nc4ccc(N5CCC6(CC5)CCS(=O)(=O)C6)nn4)nc32)CC1
CHEMBL3237717,5.75,C[C@H]1CC[C@H](n2c3cnccc3c3cnc(Nc4ccc(N5CCC6(CCC(=O)N6)CC5)cn4)nc32)CC1
CHEMBL3237718,5.97,COc1nc(Nc2ncc3c4ccncc4n([C@H]4CC[C@H](C)CC4)c3n2)ccc1N1CCC2(CCC(=O)N2)CC1
CHEMBL3237719,5.65,C[C@H]1CC[C@H](n2c3cnccc3c3cnc(Nc4ccc5c(n4)CCN(C(=O)CO)C5)nc32)CC1
CHEMBL325053,4.17,C=CCOc1nc(N)nc2nc[nH]c12
CHEMBL325053,4.17,C=CCOc1nc(N)nc2nc[nH]c12
CHEMBL3261514,,NC(=O)c1sc(-c2ccnc(N)n2)nc1-c1ccc(Cl)cc1Cl
CHEMBL3261517,,COc1ccc(-c2nc(-c3ccnc(N)n3)sc2C(N)=O)c(Cl)c1
CHEMBL3263773,5.4,COc1ccccc1-c1cc(Nc2cccc(CS(N)(=O)=O)c2)ncn1
CHEMBL3263869,,COc1ccc(Oc2cc(C)c(-c3csc(NC(=O)c4ccnc(F)c4)n3)c(C)c2)cc1
CHEMBL326843,6.34,CCSc1cc(=O)c2c(O)cc(O)c(C3CCN(C)CC3O)c2o1
CHEMBL3301610,5.79,CCN1CCN(Cc2ccc(Nc3ncc(F)c(-c4cc(F)c5nc(C)n(C(C)C)c5c4)n3)nc2)CC1
CHEMBL3301610,6.43,CCN1CCN(Cc2ccc(Nc3ncc(F)c(-c4cc(F)c5nc(C)n(C(C)C)c5c4)n3)nc2)CC1
CHEMBL334050,4.6,C=C(COc1nc(N)nc2nc[nH]c12)c1ccccc1
CHEMBL334050,4.6,C=C(COc1nc(N)nc2nc[nH]c12)c1ccccc1
CHEMBL334881,5.21,CN1CC[C@H](c2c(O)cc(O)c3c(=O)cc(Sc4ccccc4Cl)oc23)[C@H](O)C1
CHEMBL334881,6.96,CN1CC[C@H](c2c(O)cc(O)c3c(=O)cc(Sc4ccccc4Cl)oc23)[C@H](O)C1
CHEMBL335069,5.35,CC(C)n1cnc2c(NCc3ccccc3)nc(CCC(C)(O)c3ccccc3)nc21
CHEMBL335852,5.55,CC(C)n1cnc2c(NCc3ccccc3)nc(CCCCCO)nc21
CHEMBL3361128,4.43,O=C1/C(=C\c2ccc(O)c(O)c2)Oc2ccccc21
CHEMBL336351,6.22,CC(C)n1cnc2c(NCc3ccccc3)nc(C#CC(C)(O)c3ccccc3)nc21
CHEMBL336776,6.3,CC(C)n1cnc2c(NCc3ccccc3)nc(C#CC3(O)CCCC3)nc21
CHEMBL337411,6.46,CC(C)n1cnc2c(NCc3ccccc3)nc(C#CCCO)nc21
CHEMBL338924,5.89,CCC(C)(O)CCc1nc(NCc2ccccc2)c2ncn(C(C)C)c2n1
CHEMBL3402056,5.88,Nc1n[nH]c(N)c1/N=N/c1ccncc1
CHEMBL3402060,4.95,Cn1nc(N)c(/N=N/c2ccncc2)c1N
CHEMBL34267,,COc1ccc(-c2csc3c2-n2cccc2C3=O)cc1OCc1ccccc1
CHEMBL352516,6,CC(C)n1cnc2c(NCc3ccccc3)nc(/C=C\CCCO)nc21
CHEMBL3545083,8.7,COCCN1CCN(Cc2ccc(-c3n[nH]c4c3C(=O)c3c(NC(=O)NN5CCOCC5)cccc3-4)cc2)CC1
CHEMBL35864,,COc1ccc(-c2c[nH]c3c2-n2cccc2C3=O)cc1OC
CHEMBL359679,5.98,COc1ccc2cnc(Nc3ccccc3)nc2c1C(C)C
CHEMBL359951,6.57,COc1ccc2cnc(Nc3ccc(N4CCN(C(=O)CN)CC4)cc3)nc2c1C1CCCC1
CHEMBL360250,6.1,COc1ccc2cnc(Nc3ccc(N4CCN(C(=O)CN)CC4)cc3)nc2c1C(C)C
CHEMBL360342,7.52,Oc1ccc2cnc(Nc3ccc(N4CCNCC4)cc3)nc2c1C1CCCC1
CHEMBL3604462,8.4,COc1ccc(Nc2nccc(-c3ccc4nc(C)n(C(C)C)c4c3)n2)cc1
CHEMBL3604463,6.65,Cc1nc2ccc(-c3ccnc(Nc4ccc(N5CCNCC5)cn4)n3)cc2n1C(C)C
CHEMBL3604464,6,Cc1nc2ccc(-c3ccnc(Nc4ccc(CN5CCN(C(C)C)CC5)cn4)n3)cc2n1C(C)C
CHEMBL3604465,7,C#CCNc1nc(Nc2ccccc2)ncc1Br
CHEMBL3604466,6.3,C[C@H](CO)Nc1nc(Nc2ccc(S(N)=O)cc2)ncc1Br
CHEMBL3604467,8,C[C@@H](O)[C@@H](C)Nc1nc(Nc2ccc(S(N)=O)cc2)ncc1Br
CHEMBL3604468,8.4,C[C@@H](O)[C@@H](C)Oc1nc(Nc2ccc(S(N)=O)cc2)ncc1Br
CHEMBL3604469,8.52,CC[S@@](=N)(=O)c1ccc(Nc2ncc(Br)c(N[C@H](C)[C@@H](C)O)n2)cc1
CHEMBL360675,,Cc1cc(=O)n(C2CCCC2)c2nc(Nc3ccc(N4CCNCC4)cc3)ncc12
CHEMBL361537,,CCOc1cnc2oc3ccc(O)cc3c2c1-c1ccccc1
CHEMBL361565,,Oc1ccc2oc3ncc(Cl)c(-c4ccccc4)c3c2c1
CHEMBL361573,4.15,Oc1ccc2oc3ncc(Br)c(-c4ccccc4)c3c2c1
CHEMBL361621,,COc1ccc2cnc(Nc3ccc(N4CCCCC4)cc3)nc2c1C(C)C
CHEMBL361708,7.66,NC1=NC(=O)/C(=C2\CCNC(=O)c3[nH]c(Br)cc32)N1
CHEMBL361769,,COc1ccc2cnc(Nc3ccc(N4CCCC4)cc3)nc2c1C1CCCC1
CHEMBL361958,5.8,COc1ccc2cnc(Nc3ccc(N4CCOCC4)cc3)nc2c1C1CCCC1
CHEMBL361987,6.12,Oc1ccc2cnc(Nc3ccc(N4CCNCC4)c(F)c3)nc2c1C1CCCC1
CHEMBL3651966,,C[C@@H]1C[C@H](N)C[C@H](c2ccncc2NC(=O)c2ccc(F)c(-c3c(F)cccc3F)n2)C1
CHEMBL3655762,6.24,CC[C@H](Nc1nc(NCc2cnc(C)cc2C)c2ncn(C(C)C)c2n1)[C@@H](C)O
CHEMBL3673434,7.03,COc1cc(F)ccc1-c1ccnc(NC(=O)[C@H]2CCC[C@@H](NC(C)=O)C2)c1
CHEMBL367625,6.42,CCn1cnc2c(Nc3cccc(Cl)c3)nc(N[C@@H]3CCCC[C@@H]3N)nc21
CHEMBL37139,,COc1ccc(/C=C/c2ccc3ccc(C(=O)O)c(O)c3n2)cc1O
CHEMBL3714771,6.43,O=C(CNc1ccc(Cl)cc1)Nc1nc2ccc3[nH]ncc3c2s1
CHEMBL3714963,6.32,CC(C)(Nc1cccc(C(=O)NCC(=O)OCCO)c1)C(=O)Nc1nc2c(C(F)(F)F)cc3[nH]ncc3c2s1
CHEMBL3715796,6.71,O=C(Nc1nc2ccc3[nH]ncc3c2s1)C1(Nc2cccc(O)c2)CC1
CHEMBL3715917,6.98,CC(C)(Nc1ccc(Cl)c(C(=O)NCCCS(N)(=O)=O)c1)C(=O)Nc1nc2c(C(F)(F)F)cc3[nH]ncc3c2s1
CHEMBL3716102,6.73,CCNC(=O)c1cc(NC(C)(C)C(=O)Nc2nc3c(C(F)(F)F)cc4[nH]ncc4c3s2)ccc1F
CHEMBL3716137,6.42,O=C(Nc1nc2ccc3[nH]ncc3c2s1)C(CO)Nc1ccc(Cl)cc1
CHEMBL3716175,6.53,CC(C)(Nc1ccc(Cl)c(C(=O)NCCCC(=O)O)c1)C(=O)Nc1nc2c(C(F)(F)F)cc3[nH]ncc3c2s1
CHEMBL3716279,6.89,CC(C)(Nc1ccc(Cl)c(C(=O)NC2CC2)c1)C(=O)Nc1nc2c(C(F)(F)F)cc3[nH]ncc3c2s1
CHEMBL3716298,6.59,O=C(CNc1ccc(Cl)c(O)c1)Nc1nc2ccc3[nH]ncc3c2s1
CHEMBL3716347,6.82,CC(Nc1cccc(O)c1)C(=O)Nc1nc2ccc3[nH]ncc3c2s1
CHEMBL3716385,6.38,CC(=O)Nc1cc(NC(C)(C)C(=O)Nc2nc3c(C(F)(F)F)cc4[nH]ncc4c3s2)ccc1Cl
CHEMBL3716391,6.35,CC(C)(Nc1cccc(C(=O)NCCCC(=O)O)c1)C(=O)Nc1nc2c(C(F)(F)F)cc3[nH]ncc3c2s1
CHEMBL3716523,6.62,CC(C)(Nc1ccc(Cl)c(C(=O)NCCC(=O)O)c1)C(=O)Nc1nc2c(C(F)(F)F)cc3[nH]ncc3c2s1
CHEMBL3716783,7.41,CC(C)(Nc1cccc(C(=O)NCCC(N)=O)c1)C(=O)Nc1nc2c(C(F)(F)F)cc3[nH]ncc3c2s1
CHEMBL3716786,8.74,CC(C)(Nc1ccc(Cl)c(C(=O)NCC(N)=O)c1)C(=O)Nc1nc2c(C(F)(F)F)cc3[nH]ncc3c2s1
CHEMBL3716850,6.42,CC(=O)Nc1cc(NC(C)(C)C(=O)Nc2nc3c(C(F)(F)F)cc4[nH]ncc4c3s2)ccc1F
CHEMBL3716892,6.69,CC(C)(Nc1ccc(Cl)c(NS(C)(=O)=O)c1)C(=O)Nc1nc2c(C(F)(F)F)cc3[nH]ncc3c2s1
CHEMBL3717041,7.14,CNC(=O)c1cc(NC(C)(C)C(=O)Nc2nc3c(C(F)(F)F)cc4[nH]ncc4c3s2)ccc1Cl
CHEMBL3717203,6.35,CC(C)(Nc1ccc(Cl)c(C(=O)O)c1)C(=O)Nc1nc2c(C(F)(F)F)cc3[nH]ncc3c2s1
CHEMBL3717691,7.7,CC(C)(Nc1cccc(S(N)(=O)=O)c1)C(=O)Nc1nc2c(C(F)(F)F)cc3[nH]ncc3c2s1
CHEMBL3717935,6.59,CC(C)(Nc1ccc(Cl)c(C(=O)NCC(=O)O)c1)C(=O)Nc1nc2c(C(F)(F)F)cc3[nH]ncc3c2s1
CHEMBL3717989,6.84,CNC(=O)c1cc(NC2(C(=O)Nc3nc4ccc5[nH]ncc5c4s3)CC2)ccc1Cl
CHEMBL3717995,6.85,CC(C)(Nc1ccc(Cl)c(OCC(O)CO)c1)C(=O)Nc1nc2c(C(F)(F)F)cc3[nH]ncc3c2s1
CHEMBL3718389,7.41,CNC(=O)c1cc(NC(C)(C)C(=O)Nc2nc3c(C(F)(F)F)cc4[nH]ncc4c3s2)ccc1F
CHEMBL3718465,6.31,O=C(Nc1nc2ccc3[nH]ncc3c2s1)C1(Nc2ccc(Cl)cc2)CCCCC1
CHEMBL3718495,6.94,CC(C)(Nc1cccc(O)c1)C(=O)Nc1nc2ccc3[nH]ncc3c2s1
CHEMBL3718984,6.45,O=C(Nc1nc2ccc3[nH]ncc3c2s1)C1(Nc2ccc(Cl)cc2)CC1
CHEMBL3719041,7.08,CC(C)(Nc1ccc(Cl)c(C(N)=O)c1)C(=O)Nc1nc2c(C(F)(F)F)cc3[nH]ncc3c2s1
CHEMBL3719043,6.44,CNC(=O)Nc1cc(NC(C)(C)C(=O)Nc2nc3c(C(F)(F)F)cc4[nH]ncc4c3s2)ccc1Cl
CHEMBL3719096,7.14,CCNC(=O)c1cc(NC(C)(C)C(=O)Nc2nc3c(C(F)(F)F)cc4[nH]ncc4c3s2)ccc1Cl
CHEMBL3719241,6.98,CC(C)(Nc1ccc(Cl)c(O)c1)C(=O)Nc1nc2c(C(F)(F)F)cc3[nH]ncc3c2s1
CHEMBL3719311,7.28,CC(C)(Nc1ccc(F)c(C(N)=O)c1)C(=O)Nc1nc2c(C(F)(F)F)cc3[nH]ncc3c2s1
CHEMBL3745885,,Cn1c(=O)c(S(=O)(=O)c2ccc(F)cc2F)cc2cnc(Nc3ccc4[nH]ccc4c3)nc21
CHEMBL3763161,4.94,c1cnc2[nH]c(-c3cnnn3CCCc3c[nH]c4ncccc34)cc2c1
CHEMBL378190,,CC(C)NC(=N)c1nc2ccc3ncn(C(C)C)c(=O)c3c2s1
CHEMBL3808469,4.35,Cc1nn(-c2ccccc2)c2nc(CCl)n(C)c(=O)c12
CHEMBL3808480,,CCOC(=O)Cn1c(CCl)nc2c(c(C)nn2-c2ccccc2)c1=O
CHEMBL3808505,,CCOCc1nc2c(c(C)nn2-c2ccccc2)c(=O)n1CC#N
CHEMBL3808531,,Cc1nn(-c2ccccc2)c2nc(CCl)n(CC#N)c(=O)c12
CHEMBL3808590,,COCc1nc2c(c(C)nn2-c2ccccc2)c(=O)n1CC#N
CHEMBL3808727,4.77,Cc1nn(-c2ccccc2)c2nc(CNc3ccc(O)cc3)[nH]c(=O)c12
CHEMBL3808770,,Cc1nn(-c2ccccc2)c2nc(CN3CCCCC3)[nH]c(=O)c12
CHEMBL3808845,,CCOC(=O)Cn1c(COC)nc2c(c(C)nn2-c2ccccc2)c1=O
CHEMBL3808883,4.48,Cc1nn(-c2ccccc2)c2nc(CNc3ccc(O)cc3)n(C)c(=O)c12
CHEMBL3808991,,Cc1nn(-c2ccccc2)c2nc(CNc3ccccc3)n(C)c(=O)c12
CHEMBL3809087,,Cc1nn(-c2ccccc2)c2nc(CNc3ccccc3)n(CC#N)c(=O)c12
CHEMBL3809128,,COCc1nc2c(c(C)nn2-c2ccccc2)c(=O)n1C
CHEMBL3809223,5.06,Cc1nn(-c2ccccc2)c2nc(CNc3ccc(O)cc3)n(CC#N)c(=O)c12
CHEMBL3809431,,CCOCc1nc2c(c(C)nn2-c2ccccc2)c(=O)[nH]1
CHEMBL3809582,4.68,Cc1nn(-c2ccccc2)c2nc(CNc3ccccc3)[nH]c(=O)c12
CHEMBL3809625,,CCN(CC)Cc1nc2c(c(C)nn2-c2ccccc2)c(=O)[nH]1
CHEMBL3809669,,Cc1nn(-c2ccccc2)c2nc(CNc3ccc(C(=O)O)cc3)[nH]c(=O)c12
CHEMBL3809680,,COCc1nc2c(c(C)nn2-c2ccccc2)c(=O)n1Cc1ccccc1
CHEMBL3809772,,Cc1nn(-c2ccccc2)c2nc(CCl)n(Cc3ccccc3)c(=O)c12
CHEMBL3809900,,Cc1ccc(NCc2nc3c(c(C)nn3-c3ccccc3)c(=O)[nH]2)cc1
CHEMBL3809950,,Cc1nn(-c2ccccc2)c2nc(CN3CCOCC3)[nH]c(=O)c12
CHEMBL3810117,,CCOCc1nc2c(c(C)nn2-c2ccccc2)c(=O)n1C
CHEMBL3810259,,CCOCc1nc2c(c(C)nn2-c2ccccc2)c(=O)n1CC(=O)OCC
CHEMBL3810338,,CCOCc1nc2c(c(C)nn2-c2ccccc2)c(=O)n1Cc1ccccc1
CHEMBL3810367,,CCCOCc1nc2c(c(C)nn2-c2ccccc2)c(=O)[nH]1
CHEMBL3810382,,COCc1nc2c(c(C)nn2-c2ccccc2)c(=O)[nH]1
CHEMBL388978,8.48,CN[C@@H]1C[C@H]2O[C@@](C)([C@@H]1OC)n1c3ccccc3c3c4c(c5c6ccccc6n2c5c31)C(=O)NC4
CHEMBL388978,8.89,CN[C@@H]1C[C@H]2O[C@@](C)([C@@H]1OC)n1c3ccccc3c3c4c(c5c6ccccc6n2c5c31)C(=O)NC4
CHEMBL388978,8.8,CN[C@@H]1C[C@H]2O[C@@](C)([C@@H]1OC)n1c3ccccc3c3c4c(c5c6ccccc6n2c5c31)C(=O)NC4
CHEMBL3897452,9,CCNCc1cncc(-c2cccc3[nH]nc(-c4nc5c(F)cc(F)cc5[nH]4)c23)c1C
CHEMBL3905910,7.6,CN1CC[C@@H](c2c(O)cc(O)c3c(=O)cc(-c4ccc(C(F)(F)F)cc4Cl)oc23)[C@@H]1CO
CHEMBL3919811,5.75,CN(C)CCOc1ccc(Nc2cc(-n3cnc4ccccc43)ncn2)nc1
CHEMBL3925525,8.15,C[C@H](O)[C@@H](C)Oc1nc(Nc2ccc(S(=N)(=O)C3CC3)cc2)ncc1C(F)(F)F
CHEMBL3961341,6.04,COc1cc(F)ccc1-c1ccnc(NC(=O)[C@@H]2CC[C@H](NC(C)=O)C2)c1
CHEMBL3969723,7.1,CN1CC[C@@H](c2c(O)cc(O)c3c(=O)cc(-c4ccccc4Cl)oc23)[C@@H]1CO
CHEMBL402453,4.77,CCC(C)COc1nc(N)nc2[nH]cnc12
CHEMBL402453,4.77,CCC(C)COc1nc(N)nc2[nH]cnc12
CHEMBL405197,4.72,CCC(COc1nc(N)nc2[nH]cnc12)(OC)OC
CHEMBL405197,4.72,CCC(COc1nc(N)nc2[nH]cnc12)(OC)OC
CHEMBL405259,4.72,Nc1nc(OCC2=CCCC2)c2nc[nH]c2n1
CHEMBL405259,4.72,Nc1nc(OCC2=CCCC2)c2nc[nH]c2n1
CHEMBL405533,4.44,CCOC(C)(COc1nc(N)nc2[nH]cnc12)OCC
CHEMBL4062554,5.57,NS(=O)(=O)c1ccc(Nc2nc(OCC3CCCCC3)c3cc[nH]c3n2)cc1
CHEMBL4064123,,CC(C)n1cnc2c(Nc3cc(N)cc(Cl)c3)nc(N[C@H]3CCCNC3)nc21
CHEMBL406495,4.43,CCCCCOc1nc(N)nc2[nH]cnc12
CHEMBL406495,4.43,CCCCCOc1nc(N)nc2[nH]cnc12
CHEMBL4065365,,COc1ccc2c(c1)/C(=C1/Nc3ccccc3/C1=N\OCC(O)CO)C(=O)N2
CHEMBL4066861,6.17,CC(C)n1cnc2c(Nc3cccc(Cl)c3)nc(N[C@@H]3CCCC[C@@H]3N)nc21
CHEMBL4067013,,CC(=O)Nc1cc(Cl)cc(Nc2nc(N[C@H]3CCCC[C@H]3N)nc3c2ncn3C(C)C)c1
CHEMBL407018,,CCOC(=O)c1cc2ccc3c4ccccc4[nH]c3c2[nH]1
CHEMBL4070391,4.07,NS(=O)(=O)c1ccc(Nc2nc(-c3cccc(-c4ccccc4)c3)c3nc[nH]c3n2)cc1
CHEMBL407095,,O=C1NC(=O)c2ccc(Br)cc2/C1=C/Nc1ccc(CN2CCCCC2)cc1
CHEMBL4073211,4.8,NS(=O)(=O)c1ccc(Nc2ncc3nc[nH]c3n2)cc1
CHEMBL4073318,,CC(C)n1cnc2c(Nc3cccc(Cl)c3)nc(N[C@H]3CCCC[C@H]3N)nc21
CHEMBL407486,,CCOC(=O)c1cc2ccc3c4ccc(Cl)cc4[nH]c3c2[nH]1
CHEMBL407487,,CCOC(=O)c1cc2ccc3c4cc(Cl)ccc4[nH]c3c2[nH]1
CHEMBL407874,4.62,Nc1nc(OCc2ccccc2)c2nc[nH]c2n1
CHEMBL407874,4.62,Nc1nc(OCc2ccccc2)c2nc[nH]c2n1
CHEMBL407876,4.5,C=C(C)COc1nc(N)nc2[nH]cnc12
CHEMBL407876,4.5,C=C(C)COc1nc(N)nc2[nH]cnc12
CHEMBL407877,4.96,C=C(COc1nc(N)nc2[nH]cnc12)C(C)C
CHEMBL407877,4.96,C=C(COc1nc(N)nc2[nH]cnc12)C(C)C
CHEMBL4078898,6.01,CC(C)n1cnc2c(Nc3cc(N)cc(Cl)c3)nc(N[C@@H]3CCCC[C@@H]3N)nc21
CHEMBL4078898,6.27,CC(C)n1cnc2c(Nc3cc(N)cc(Cl)c3)nc(N[C@@H]3CCCC[C@@H]3N)nc21
CHEMBL4080283,,CCn1cnc2c(Nc3cccc(Cl)c3)nc(N[C@H]3CCCC[C@@H]3N)nc21
CHEMBL4081756,7.62,Cc1cccc(C(=O)N[C@H]2C[C@@H](n3cnc4c(NCc5cccc(Br)c5)ncnc43)C2)n1
CHEMBL4082309,,CC(C)n1cnc2c(Nc3cc(N)cc(Cl)c3)nc(N[C@H]3CCCC[C@@H]3N)nc21
CHEMBL4084116,,CC(C)n1cnc2c(Nc3cc(N)cc(Cl)c3)nc(N[C@@H]3CCNC3)nc21
CHEMBL4085238,5.8,NS(=O)(=O)c1ccc(Nc2nc(OCC3CCCCC3)c3cn[nH]c3n2)cc1
CHEMBL4085289,5.25,COc1ccc2c(c1)/C(=C1\Nc3ccccc3\C1=N/OCCO[C@@H]1O[C@H](CO)[C@@H](O)[C@H](O)[C@H]1O)C(=O)N2
CHEMBL408543,,CCOC(=O)c1cc2ccc3c4cc(OC)ccc4[nH]c3c2[nH]1
CHEMBL4086832,6.03,C#CCOc1nc(Nc2ccc(S(N)(=O)=O)cc2)nc2[nH]cnc12
CHEMBL4088144,,CC(C)n1cnc2c(Nc3cccc(Cl)c3)nc(N[C@H]3CCCC[C@@H]3N)nc21
CHEMBL4091876,,CC(C)n1cnc2c(Nc3cc(N)cc(Cl)c3)nc(N[C@@H]3CCCNC3)nc21
CHEMBL4092981,6.12,NS(=O)(=O)c1ccc(Nc2nc(OCC3CCCCC3)c3nn[nH]c3n2)cc1
CHEMBL4094205,4.96,NS(=O)(=O)c1ccc(Nc2cc(OCC3CCCCC3)c3nc[nH]c3n2)cc1
CHEMBL4094492,,CC(=O)Nc1cc(Cl)cc(Nc2nc(N[C@@H]3CCCC[C@@H]3N)nc3c2ncn3C(C)C)c1
CHEMBL4094492,,CC(=O)Nc1cc(Cl)cc(Nc2nc(N[C@@H]3CCCC[C@@H]3N)nc3c2ncn3C(C)C)c1
CHEMBL409450,6.5,O=C1Nc2cc(Br)ccc2/C1=C1/Nc2ccccc2/C1=N\O
CHEMBL409861,,O=C1NC(=O)c2ccc(Nc3ccccc3)cc2/C1=C/Nc1ccc(CN2CCCCC2)cc1
CHEMBL4100324,,CC(C)n1cnc2c(Nc3cc(N)cc(Cl)c3)nc(N[C@@H]3CCCC[C@H]3N)nc21
CHEMBL4100748,,Cc1ccc2c(c1)/C(=C1/Nc3ccccc3/C1=N\OCCO[C@@H]1O[C@H](CO)[C@@H](O)[C@H](O)[C@H]1O)C(=O)N2
CHEMBL4100916,,O=C1Nc2ccccc2/C1=C1/Nc2ccccc2/C1=N\OCCO[C@@H]1O[C@H](CO)[C@@H](O)[C@H](O)[C@H]1O
CHEMBL4102101,,CC(C)n1cnc2c(Nc3cc(N)cc(Cl)c3)nc(N[C@H]3CCNC3)nc21
CHEMBL4103221,7.64,Cc1cccc(C(=O)N[C@H]2C[C@@H](n3cnc4c(NCc5cccc(Cl)c5)ncnc43)C2)n1
CHEMBL4103249,7.01,CCC(C)Oc1nc(Nc2ccc(S(N)(=O)=O)cc2)nc2[nH]cnc12
CHEMBL4104505,,CC(C)n1cnc2c(Nc3cccc(Cl)c3)nc(N[C@@H]3CCCC[C@H]3N)nc21
CHEMBL4104657,,CC(C)n1cnc2c(Nc3cc(N)cc(Cl)c3)nc(N[C@H]3CCCC[C@H]3N)nc21
CHEMBL4105278,6.14,NS(=O)(=O)c1ccc(Nc2nc(-c3ccccc3)c3nc[nH]c3n2)cc1
CHEMBL411662,6.19,O=C1NC(=O)c2c1c(-c1ccccc1Cl)cc1c2c2cc(O)ccc2n1CCCO
CHEMBL420860,4.44,CCOC.CCOC(C)COc1[nH]c(N)nc2ncnc1-2
CHEMBL428690,7.52,CN1CC[C@H](c2c(O)cc(O)c3c(=O)cc(-c4ccccc4Cl)oc23)[C@H](O)C1
CHEMBL428690,7.52,CN1CC[C@H](c2c(O)cc(O)c3c(=O)cc(-c4ccccc4Cl)oc23)[C@H](O)C1
CHEMBL428690,6.7,CN1CC[C@H](c2c(O)cc(O)c3c(=O)cc(-c4ccccc4Cl)oc23)[C@H](O)C1
CHEMBL428690,7.52,CN1CC[C@H](c2c(O)cc(O)c3c(=O)cc(-c4ccccc4Cl)oc23)[C@H](O)C1
CHEMBL428690,6.48,CN1CC[C@H](c2c(O)cc(O)c3c(=O)cc(-c4ccccc4Cl)oc23)[C@H](O)C1
CHEMBL428690,7.57,CN1CC[C@H](c2c(O)cc(O)c3c(=O)cc(-c4ccccc4Cl)oc23)[C@H](O)C1
CHEMBL429409,4.96,Nc1nc(OCC2=CCCCC2)c2nc[nH]c2n1
CHEMBL429409,4.96,Nc1nc(OCC2=CCCCC2)c2nc[nH]c2n1
CHEMBL429744,4.41,CC(C)C1(COc2nc(N)nc3[nH]cnc23)OCCO1
CHEMBL429744,4.41,CC(C)C1(COc2nc(N)nc3[nH]cnc23)OCCO1
CHEMBL430574,5.16,O=C1Cc2c([nH]c3ccccc23)-c2ccccc2N1
CHEMBL431579,4.24,Nc1nc(N)c(N=O)c(OC[C@@H]2NCCC2=O)n1
CHEMBL44,,O=c1c(-c2ccc(O)cc2)coc2cc(O)cc(O)c12
CHEMBL444169,5.42,COc1ccc(-c2c[nH]c3c2-n2cccc2/C3=N/O)cc1O
CHEMBL445125,6.3,CCC(O)C#Cc1nc(NCc2ccccc2)c2ncn(C(C)C)c2n1
CHEMBL445813,6.72,O=C(NC1CCNCC1)c1n[nH]cc1NC(=O)c1c(Cl)cccc1Cl
CHEMBL445813,,O=C(NC1CCNCC1)c1n[nH]cc1NC(=O)c1c(Cl)cccc1Cl
CHEMBL446625,4.23,Nc1nc(OCCc2ccccc2)c2nc[nH]c2n1
CHEMBL446625,4.23,Nc1nc(OCCc2ccccc2)c2nc[nH]c2n1
CHEMBL447758,,O=C1NC(=O)c2ccccc2/C1=C/NCc1cccc(O)c1
CHEMBL449818,,O=C1NC(=O)c2ccc(Br)cc2/C1=C/NCc1cc[nH]c(=O)c1
CHEMBL450358,,COc1cc(O)c(C(=O)/C=C/c2ccccc2)cc1CN(C)C
CHEMBL450383,4.44,O=C1NC(=O)c2ccccc2/C1=C/NCc1ccc(O)c(O)c1
CHEMBL451298,,O=C1NC(=O)c2ccc(I)cc2/C1=C/NCc1ccc(-c2ccccn2)c(O)c1
CHEMBL452447,,O=C1NC(=O)c2ccc(I)cc2/C1=C/NCc1ccc(-c2cccnc2)c(O)c1
CHEMBL452602,6.92,C[C@@H]1CNC[C@H](C(=O)Nc2ncc(SCc3ncc(C(C)(C)C)o3)s2)C1
CHEMBL453128,5.62,CCCCOC(=N)c1nc2ccc3ncn(C(C)C)c(=O)c3c2s1
CHEMBL453129,6.82,CC(C)n1cnc2ccc3nc(C(=N)OCc4ccccc4)sc3c2c1=O
CHEMBL453130,5.37,CCn1cnc2ccc3nc(C(=N)OC(C)C)sc3c2c1=O
CHEMBL453131,5.85,CCCCOC(=N)c1nc2ccc3ncn(CC)c(=O)c3c2s1
CHEMBL453132,5.89,CCn1cnc2ccc3nc(C(=N)OCc4ccccc4)sc3c2c1=O
CHEMBL453133,5.85,CCn1cnc2ccc3nc(C(=N)OCCc4ccccc4)sc3c2c1=O
CHEMBL454126,5.28,CC(C)OC(=N)c1nc2ccc3ncn(C(C)C)c(=O)c3c2s1
CHEMBL454130,,CCn1cnc2ccc3nc(C(=N)NCc4ccccc4)sc3c2c1=O
CHEMBL454617,5.41,CC[C@H](CO)Nc1nc(NCc2ccccn2)c2ncn(C(C)C)c2n1
CHEMBL455389,5.13,CC[C@H](CO)Nc1nc(NCc2cccnc2)c2ncn(C(C)C)c2n1
CHEMBL455641,4.55,CC[C@H](CO)Nc1nc(NCc2ccncc2)c2ncn(C(C)C)c2n1
CHEMBL456963,7.26,O=C(NC1CCCCC1)c1n[nH]cc1NC(=O)c1c(F)cccc1F
CHEMBL457177,7.35,O=C(N[C@H]1CC[C@H](O)CC1)c1n[nH]cc1NC(=O)c1c(F)cccc1F
CHEMBL457388,6.01,O=C(NC1CCNCC1)c1n[nH]cc1NC(=O)c1c(F)cccc1F
CHEMBL457388,6.01,O=C(NC1CCNCC1)c1n[nH]cc1NC(=O)c1c(F)cccc1F
CHEMBL458420,5.26,O=C(Nc1ccccc1)Nc1c[nH]nc1-c1nc2cc(CN3CCOCC3)ccc2[nH]1
CHEMBL458421,6.54,O=C(Nc1c[nH]nc1-c1nc2cc(CN3CCOCC3)ccc2[nH]1)Nc1c(F)cccc1F
CHEMBL460940,,CS(=O)(=O)NC(=O)CCn1c2ccc(O)cc2c2c3c(c(-c4ccccc4Cl)cc21)C(=O)NC3=O
CHEMBL461739,5.05,CC(C)n1cnc2ccc3nc(C(=N)NCc4ccccc4)sc3c2c1=O
CHEMBL462011,5.89,CN(C)CCNC(=O)CCn1c2ccc(O)cc2c2c3c(c(-c4ccccc4Cl)cc21)C(=O)NC3=O
CHEMBL467591,,O=[N+]([O-])c1ccc(CNc2nc(NCc3cccc(C(F)(F)F)c3)nc3[nH]cnc23)cc1
CHEMBL471329,,O=C1NC(=O)c2c1c(-c1ccccc1Cl)cc1c2c2cc(O)ccc2n1CCCc1nnn[nH]1
CHEMBL472542,,NC(=O)CCn1c2ccc(O)cc2c2c3c(c(-c4ccccc4Cl)cc21)C(=O)NC3=O
CHEMBL476124,,NC(=O)c1sc2c([N+](=O)[O-])cc(C(F)(F)F)cc2[n+]1[O-]
CHEMBL476236,,O=C1c2[nH]cc(-c3ccc(Cl)cc3)c2-n2cccc21
CHEMBL476541,4.8,CN(C)Cc1c(O)cc(O)c2c(=O)c(O)c(-c3ccc(O)c(O)c3)oc12
CHEMBL476726,5.91,O=c1cc(-c2ccccc2)oc2c(CN3CCCC3)c(O)c(O)c(O)c12
CHEMBL476727,5.89,O=c1cc(-c2ccccc2)oc2c(CN3CCCCC3)c(O)c(O)c(O)c12
CHEMBL476851,5.05,COc1ccc(-c2c[nH]c3c2-n2cccc2/C3=N/O)cc1OCc1ccccc1
CHEMBL476907,,CC1CN(c2ccc(N/C=C3\C(=O)NC(=O)c4ccc(I)cc43)cc2)CCN1C
CHEMBL477063,4.83,COc1cnc(CN/C=C2\C(=O)NC(=O)c3ccc(I)cc32)cc1O
CHEMBL477064,4.6,CCCOc1cnc(CN/C=C2\C(=O)NC(=O)c3ccc(I)cc32)cc1O
CHEMBL477073,,C[C@H]1CN(c2ccc(N/C=C3\C(=O)NC(=O)c4ccc(I)cc43)cc2)C[C@@H](C)N1C
CHEMBL477077,,C[C@H]1CN(C)[C@H](C)CN1c1ccc(N/C=C2\C(=O)NC(=O)c3ccc(I)cc32)cc1
CHEMBL477155,,COc1cc(O)c(C(=O)/C=C/c2ccccc2)cc1CN1CCCCC1
CHEMBL477259,5.51,CCCOc1cnc(CN/C=C2\C(=O)NC(=O)c3ccc(C4CCCC4)cc32)cc1O
CHEMBL477770,5.98,CN(C)Cc1c(O)c(O)c(O)c2c(=O)cc(-c3ccccc3)oc12
CHEMBL477817,,Cc1c(Nc2c(C#N)cnc3sc(/C=C/C(=O)N4CCCC4)cc23)ccc2[nH]ccc12
CHEMBL477860,,O=C1NC(=O)c2ccc(I)cc2/C1=C/NCc1ccc(-c2ccncc2)c(O)c1
CHEMBL477861,,CCCOc1ccc(CN/C=C2\C(=O)NC(=O)c3ccc(I)cc32)cc1O
CHEMBL477862,,COc1cnc(CN/C=C2\C(=O)NC(=O)c3ccc(I)cc32)nc1O
CHEMBL477863,5,CCCOc1ccc(CN/C=C2\C(=O)NC(=O)c3ccc(I)cc32)nc1O
CHEMBL477877,,O=C1NC(=O)c2ccc(I)cc2/C1=C/NCc1ccc(-c2ccco2)c(O)c1
CHEMBL478487,,Cc1ccc(CN/C=C2\C(=O)NC(=O)c3ccc(I)cc32)cc1O
CHEMBL478488,4.32,O=C1NC(=O)c2ccc(I)cc2/C1=C/NCc1ccc(-c2ccccc2)c(O)c1
CHEMBL478832,6.42,O=c1cc(-c2ccccc2)oc2c(CN3CCSCC3)c(O)c(O)c(O)c12
CHEMBL478849,4.73,O=c1c(O)c(-c2ccc(O)c(O)c2)oc2c(CN3CCCCC3)c(O)cc(O)c12
CHEMBL478850,,O=c1c(O)c(-c2ccc(O)c(O)c2)oc2c(CN3CCOCC3)c(O)cc(O)c12
CHEMBL479040,6.57,CN1CCN(Cc2c(O)c(O)c(O)c3c(=O)cc(-c4ccccc4)oc23)CC1
CHEMBL479254,,COc1cc(O)c(C(=O)/C=C/c2ccccc2)cc1CN1CCOCC1
CHEMBL479255,,COc1cc(O)c(C(=O)/C=C/c2ccccc2)cc1CN1CCN(C)CC1
CHEMBL482678,,CN1CCN(c2ccc(N/C=C3\C(=O)NC(=O)c4ccccc43)cc2)CC1
CHEMBL482679,,O=C1NC(=O)c2ccccc2/C1=C/Nc1ccc(N2CCOCC2)cc1
CHEMBL482883,,O=C1NC(=O)c2ccccc2/C1=C/Nc1ccc(CN2CCOCC2)cc1
CHEMBL482918,,O=C1NC(=O)c2ccc(-c3ccc(O)cc3)cc2/C1=C/Nc1ccc(CN2CCCCC2)cc1
CHEMBL482919,,COc1cccc(-c2ccc3c(c2)/C(=C/Nc2ccc(CN4CCCCC4)cc2)C(=O)NC3=O)c1
CHEMBL483081,4.51,CN1CCN(c2ncc(N/C=C3\C(=O)NC(=O)c4ccc(-c5ccoc5)cc43)cn2)CC1
CHEMBL483514,,O=C1NC(=O)c2ccc(-c3ccc(Cl)cc3)cc2/C1=C/Nc1ccc(CN2CCCCC2)cc1
CHEMBL483530,,COc1ccc(-c2ccc3c(c2)/C(=C/Nc2ccc(CN4CCCCC4)cc2)C(=O)NC3=O)cc1
CHEMBL483535,4.8,N#Cc1ccc2c(c1)/C(=C/Nc1ccc(CN3CCCCC3)cc1)C(=O)NC2=O
CHEMBL483728,,C[C@H]1CN(c2ccc(N/C=C3\C(=O)NC(=O)c4ccc(I)cc43)cc2)C[C@@H](C)N1
CHEMBL484274,,CCOc1ccc(CN/C=C2\C(=O)NC(=O)c3ccc(Br)cc32)cc1O
CHEMBL484288,,COc1ccc2c(c1)/C(=C/Nc1ccc(CN3CCCCC3)cc1)C(=O)NC2=O
CHEMBL484477,,COc1cc(CN/C=C2\C(=O)NC(=O)c3ccc(Br)cc32)cc(O)c1OC
CHEMBL485502,4.37,CCCOc1ccc(CN/C=C2\C(=O)NC(=O)c3ccc(Br)cc32)cc1O
CHEMBL485503,,COCCOc1ccc(CN/C=C2\C(=O)NC(=O)c3ccc(Br)cc32)cc1O
CHEMBL485818,4.84,O=C(O)[C@H]1O[C@@H](Oc2cc3oc(-c4ccccc4)cc(=O)c3c(O)c2O)[C@H](O)[C@@H](O)[C@@H]1O
CHEMBL485877,,O=C1NC(=O)c2ccc(N3CCOCC3)cc2/C1=C/Nc1ccc(CN2CCCCC2)cc1
CHEMBL485878,,CN1CCN(c2ccc3c(c2)/C(=C/Nc2ccc(CN4CCCCC4)cc2)C(=O)NC3=O)CC1
CHEMBL485892,,CN1CCN(c2ccc(N/C=C3\C(=O)NC(=O)c4ccc(N5CCCCC5)cc43)cc2)CC1
CHEMBL486091,,CN1CCN(c2ccc(N/C=C3\C(=O)NC(=O)c4ccc(-c5ccsc5)cc43)cc2)CC1
CHEMBL486284,,O=C1NC(=O)c2ccccc2/C1=C/Nc1ccc(CN2CCCCC2)cc1
CHEMBL486285,,CN1CCN(c2ccc(N/C=C3\C(=O)NC(=O)c4cc(Br)ccc43)cc2)CC1
CHEMBL486286,,CN1CCN(c2ccc(N/C=C3\C(=O)NC(=O)c4ccc(Br)cc43)cc2)CC1
CHEMBL486301,,O=C1NC(=O)c2ccc(Cl)cc2/C1=C/Nc1ccc(CN2CCCCC2)cc1
CHEMBL486302,,O=C1NC(=O)c2ccc(I)cc2/C1=C/Nc1ccc(CN2CCCCC2)cc1
CHEMBL486487,,CN(C)C(=O)c1ccc2c(c1)/C(=C/Nc1ccc(CN3CCCCC3)cc1)C(=O)NC2=O
CHEMBL486497,,CN1CCN(c2ccc(N/C=C3\C(=O)NC(=O)c4ccc(-c5ccoc5)cc43)cn2)CC1
CHEMBL486711,,O=C1NC(=O)c2ccc(-c3ccsc3)cc2/C1=C/Nc1ccc(CN2CCCCC2)cc1
CHEMBL486712,,O=C1NC(=O)c2ccc(-c3ccc(F)cc3)cc2/C1=C/Nc1ccc(CN2CCCCC2)cc1
CHEMBL487326,,CN1CCN(c2ccc(N/C=C3\C(=O)NC(=O)c4ccc(-c5ccccc5)cc43)cc2)CC1
CHEMBL487327,,CN1CCN(c2ccc(N/C=C3\C(=O)NC(=O)c4ccc(-c5ccco5)cc43)cc2)CC1
CHEMBL487328,,CN1CCN(c2ccc(N/C=C3\C(=O)NC(=O)c4ccc(-c5ccoc5)cc43)cc2)CC1
CHEMBL487521,,O=C1NC(=O)c2ccc(-c3ccccc3)cc2/C1=C/Nc1ccc(CN2CCCCC2)cc1
CHEMBL487526,,CN1CCN(c2ccc(N/C=C3\C(=O)NC(=O)c4ccc(C(=O)N(C)C)cc43)cc2)CC1
CHEMBL487531,5.09,CN1CCN(c2ccc(N/C=C3\C(=O)NC(=O)c4ccc(-c5ccc(C=O)cc5)cc43)cc2)CC1
CHEMBL487730,,CN1CCN(c2ccc(N/C=C3\C(=O)NC(=O)c4ccc(-n5cccc5)cc43)cc2)CC1
CHEMBL487731,4.86,CC(=O)Nc1ccc2c(c1)/C(=C/Nc1ccc(N3CCN(C)CC3)cc1)C(=O)NC2=O
CHEMBL487737,4.48,CN1CCN(c2ccc(N/C=C3\C(=O)NC(=O)c4ccc(C#Cc5ccccc5)cc43)cc2)CC1
CHEMBL488128,,CN1CC2CC1CN2c1ccc(N/C=C2\C(=O)NC(=O)c3ccc(I)cc32)cc1
CHEMBL488342,5.14,CN1CCN(c2ccc(N/C=C3\C(=O)NC(=O)c4ccc([N+](=O)[O-])cc43)cc2)CC1
CHEMBL488349,,O=C1NC(=O)c2ccc(-c3cccnc3)cc2/C1=C/Nc1ccc(CN2CCCCC2)cc1
CHEMBL488548,,CC(=O)Nc1ccc2c(c1)/C(=C/Nc1ccc(CN3CCCCC3)cc1)C(=O)NC2=O
CHEMBL488549,,O=C1NC(=O)c2ccc(N3CCCCC3)cc2/C1=C/Nc1ccc(CN2CCCCC2)cc1
CHEMBL488562,,CN1CCN(c2ccc(N/C=C3\C(=O)NC(=O)c4ccc(-c5ccoc5)cc43)cc2F)CC1
CHEMBL488955,,CN1CCN(c2ccc(N/C=C3\C(=O)NC(=O)c4ccc(I)cc43)cc2)CC1
CHEMBL489030,,COc1coc(CN/C=C2\C(=O)NC(=O)c3ccc(Br)cc32)cc1=O
CHEMBL489039,5.09,COc1ccc(CN/C=C2\C(=O)NC(=O)c3cccc(Br)c32)cc1O
CHEMBL489244,,COc1ccc(CN/C=C2\C(=O)NC(=O)c3ccc(Br)cc32)cc1O
CHEMBL489245,5.22,COc1ccc(CN/C=C2\C(=O)NC(=O)c3ccc(I)cc32)cc1O
CHEMBL489246,4.65,COc1ccc2c(c1)/C(=C/NCc1ccc(OC)c(O)c1)C(=O)NC2=O
CHEMBL489430,4.31,COc1ccc(CN/C=C2\C(=O)NC(=O)c3ccccc32)cc1O
CHEMBL489432,,COc1ccc(CN/C=C2\C(=O)NC(=O)c3ccc(F)cc32)cc1O
CHEMBL489445,5.01,COc1ccc(CN/C=C2\C(=O)NC(=O)c3ccc(-n4cccc4)cc32)cc1O
CHEMBL489627,4.43,O=C1NC(=O)c2ccccc2/C1=C/NCc1ccc(O)cc1
CHEMBL489629,5.02,CC(C)(C)c1ccc2c(c1)/C(=C/NCc1cc(O)c(-c3ccoc3)cn1)C(=O)NC2=O
CHEMBL489631,,COc1ccc(CN/C=C2\C(=O)NC(=O)c3ccc(Cl)cc32)cc1O
CHEMBL489646,4.63,COc1ccc(CN/C=C2\C(=O)NC(=O)c3ccc(-c4ccsc4)cc32)cc1O
CHEMBL489655,,O=C1NC(=O)c2ccc(-c3ccc(Oc4ccccc4)cc3)cc2/C1=C\Nc1ccc(CN2CCCCC2)cc1
CHEMBL489833,6.03,Cn1cc(C2=C(c3coc4cc(CO)ccc34)C(=O)NC2=O)c2cc(Br)ccc21
CHEMBL489853,5.6,COc1ccc(CN/C=C2\C(=O)NC(=O)c3ccc(-c4ccoc4)cc32)cc1O
CHEMBL489854,,COc1ccc(C(C)N/C=C2\C(=O)NC(=O)c3ccc(Br)cc32)cc1O
CHEMBL490053,,COc1ccc(CN(C)/C=C2\C(=O)NC(=O)c3ccc(Br)cc32)cc1O
CHEMBL490240,5.51,O=C1NC(=O)c2ccc(C3CCCC3)cc2/C1=C/NCc1cc(O)c(-c2ccoc2)cn1
CHEMBL490241,,COc1cc(CN/C=C2\C(=O)NC(=O)c3ccc(Br)cc32)ccn1
CHEMBL490251,4.53,O=C1NC(=O)c2ccc(I)cc2/C1=C/NCc1ccn(-c2ccccc2)c(=O)c1
CHEMBL490451,4.94,O=C1NC(=O)c2ccc(I)cc2/C1=C/NCc1ccn(-c2ccoc2)c(=O)c1
CHEMBL491647,5.07,COCc1cccc2c(C3=C(c4coc5ccccc45)C(=O)NC3=O)cn(C)c12
CHEMBL492244,6.52,CN1CCN(CCO/N=C2C(=C3/C(=O)Nc4cc(Br)ccc43)/Nc3ccccc3/2)CC1.Cl
CHEMBL492646,5.75,Cl.O=C1Nc2cc(Br)ccc2C1=C1Nc2ccccc2/C1=N\OCCN1CCOCC1
CHEMBL493656,5.55,COCCN1CCN(CCO/N=C2C(=C3/C(=O)Nc4cc(Br)ccc43)/Nc3ccccc3/2)CC1
CHEMBL493657,6.05,O=C1Nc2cc(Br)ccc2/C1=C1/Nc2ccccc2/C1=N\OCCN1CCN(CCOCCO)CC1
CHEMBL493683,5.96,O=C1Nc2cc(Br)ccc2/C1=C1/Nc2ccccc2/C1=N\OCCN1CCOCC1
CHEMBL493883,6.35,Cl.O=C1Nc2cc(Br)ccc2C1=C1Nc2ccccc2/C1=N\OCCN1CCCC1
CHEMBL494481,6.31,CN(C)CCO/N=C1C(=C2/C(=O)Nc3cc(Br)ccc32)/Nc2ccccc2/1
CHEMBL494663,6.22,O=C1Nc2cc(Br)ccc2/C1=C1/Nc2ccccc2/C1=N\OCCN(CCO)CCO
CHEMBL494685,6.3,O=C1Nc2cc(Br)ccc2/C1=C1/Nc2ccccc2/C1=N\OCCN1CCCC1
CHEMBL494686,,CCN(CC)C(=O)O/N=C1C(=C2/C(=O)Nc3cc(Br)ccc32)/Nc2ccccc2/1
CHEMBL494867,6.62,CN(CCO/N=C1C(=C2/C(=O)Nc3cc(Br)ccc32)/Nc2ccccc2/1)CC(O)CO
CHEMBL495093,6.96,O=C1Nc2cc(Br)ccc2/C1=C1/Nc2ccccc2/C1=N\OCC(O)CO
CHEMBL496567,6.12,CC(C)(C)c1cnc(CSc2cnc(N[C@H]3CC[C@H](N)CC3)s2)o1
CHEMBL496569,6.47,O=C(Nc1c[nH]nc1-c1nc2cc(CN3CCOCC3)ccc2[nH]1)c1ccccc1
CHEMBL496754,5.54,O=C(Nc1c[nH]nc1-c1nc2cc(CN3CCOCC3)ccc2[nH]1)NC1CCCCC1
CHEMBL498659,7.42,Cl.O=C(N[C@H]1CCCNC1)c1n[nH]cc1NC(=O)c1c(F)cccc1F
CHEMBL50,,O=c1c(O)c(-c2ccc(O)c(O)c2)oc2cc(O)cc(O)c12
CHEMBL50,4.7,O=c1c(O)c(-c2ccc(O)c(O)c2)oc2cc(O)cc(O)c12
CHEMBL502651,,Nc1ccc(CN/C=C2\C(=O)NC(=O)c3ccc(Br)cc32)cc1O
CHEMBL504155,5.5,CC(=O)Nc1c[nH]nc1-c1nc2ccccc2[nH]1
CHEMBL504547,4.61,O=C1NC(=O)c2ccc(I)cc2/C1=C/NCc1ccc(-c2ccoc2)c(O)c1
CHEMBL505798,,COc1cc(O)c(C(=O)/C=C/c2ccccc2)cc1CN1CCCC1
CHEMBL506669,4.3,CCOC(=N)c1nc2ccc3ncn(CC)c(=O)c3c2s1
CHEMBL507162,,COc1ccc(-c2c[nH]c3c2-n2cccc2C3=O)cc1OCc1ccccc1
CHEMBL507167,6.36,N[C@H]1CC[C@H](NC(=O)c2n[nH]cc2NC(=O)c2c(F)cccc2F)CC1
CHEMBL508541,6.15,CNCCCn1c2ccc(O)cc2c2c3c(c(-c4ccccc4Cl)cc21)C(=O)NC3=O
CHEMBL510863,4.89,CCOC(=N)c1nc2ccc3ncn(C(C)C)c(=O)c3c2s1
CHEMBL511280,,N#CCCn1c2ccc(O)cc2c2c3c(c(-c4ccccc4Cl)cc21)C(=O)NC3=O
CHEMBL511394,9.15,CCNCc1cncc(-c2cnc3c(c2)C(c2nc4cc(F)ccc4[nH]2)N=N3)c1
CHEMBL511992,,O=C(O)CCCn1c2ccc(O)cc2c2c3c(c(-c4ccccc4Cl)cc21)C(=O)NC3=O
CHEMBL512342,,O=C1NC(=O)c2c1c(-c1ccccc1Cl)cc1c2c2cc(O)ccc2n1CCc1nnn[nH]1
CHEMBL514554,6.31,CS(=O)(=O)c1cccc(CNc2nc(Nc3ccc4c(c3)CCC(=O)N4)ncc2C(F)(F)F)c1
CHEMBL514678,4.79,CC(C)(C)c1ccc2c(c1)/C(=C/NCc1cc(O)c(-c3ccccc3)cn1)C(=O)NC2=O
CHEMBL515631,5.21,CCCOc1cnc(CN/C=C2\C(=O)NC(=O)c3ccc(C(C)(C)C)cc32)cc1O
CHEMBL515949,,CN1CCN(c2ccc(N/C=C3\C(=O)NC(=O)c4ccc(-c5ccoc5)cc43)nc2)CC1
CHEMBL516003,5.96,O=C(Nc1ccccc1F)Nc1c[nH]nc1-c1nc2cc(CN3CCOCC3)ccc2[nH]1
CHEMBL516907,,COc1cc(O)c(C(=O)/C=C/c2ccccc2)cc1CN1CCSCC1
CHEMBL517516,4.93,COC(=O)[C@H]1O[C@@H](Oc2cc3oc(-c4ccccc4)cc(=O)c3c(O)c2O)[C@H](O)[C@H](O)[C@@H]1O
CHEMBL517744,,CN(C)CC(O)Cn1c2ccc(O)cc2c2c3c(c(-c4ccccc4Cl)cc21)C(=O)NC3=O
CHEMBL517977,6.55,O=c1cc(-c2ccccc2)oc2c(CN3CCOCC3)c(O)c(O)c(O)c12
CHEMBL518280,,CN1CCN(Cc2c(O)cc(O)c3c(=O)c(O)c(-c4ccc(O)c(O)c4)oc23)CC1
CHEMBL518383,8,O=C(Nc1ccc(F)cc1)c1n[nH]cc1NC(=O)c1c(F)cccc1F
CHEMBL518732,4.66,COc1ccc(-c2c[nH]c3c2-n2cccc2C3=O)cc1O
CHEMBL520020,,O=C1NC(=O)c2ccc(Br)cc2/C1=C/NCc1ccc(O)c(O)c1
CHEMBL520458,,O=C1NC(=O)c2ccc(-c3cccc(O)c3)cc2/C1=C/Nc1ccc(CN2CCCCC2)cc1
CHEMBL520864,,O=C1NC(=O)c2ccc([N+](=O)[O-])cc2/C1=C/Nc1ccc(CN2CCCCC2)cc1
CHEMBL521459,5.66,CN1CCN(c2cnc(N/C=C3\C(=O)NC(=O)c4ccc(-c5ccoc5)cc43)cn2)CC1
CHEMBL521834,6.72,CN(C)CCO/N=C1C(=C2/C(=O)Nc3cc(Br)ccc32)/Nc2ccccc2/1.Cl
CHEMBL521868,6,Cl.O=C1Nc2cc(Br)ccc2/C1=C1/Nc2ccccc2/C1=N\OCCN(CCO)CCO
CHEMBL521922,4.87,O=C1NC(=O)c2ccc(I)cc2/C1=C/NCc1cc(O)c(-c2ccoc2)cn1
CHEMBL522214,4.77,O=C(Nc1c[nH]nc1-c1nc2cc(CN3CCOCC3)ccc2[nH]1)NC1CCOCC1
CHEMBL522503,6.22,O=C1Nc2cc(Br)ccc2/C1=C1/Nc2ccccc2/C1=N\OCCN1CCN(CCO)CC1
CHEMBL522537,6.4,CN1CCN(CCO/N=C2C(=C3/C(=O)Nc4cc(Br)ccc43)/Nc3ccccc3/2)CC1
CHEMBL522563,5.82,O=C(Nc1c[nH]nc1-c1nc2ccc(CN3CCOCC3)cc2[nH]1)c1ccc(F)cc1
CHEMBL522590,4.87,Cn1cc(C2=C(c3coc4cc(CO)ccc34)C(=O)NC2=O)c2cc(F)c(Cl)cc21
CHEMBL522760,4.33,COc1cccc2c(C3=C(c4cn(C)c5cc(Cl)c(F)cc45)C(=O)NC3=O)coc12
CHEMBL522868,7.05,CCN(CC)CCO/N=C1C(=C2/C(=O)Nc3cc(Br)ccc32)/Nc2ccccc2/1
CHEMBL522891,6.64,O=C(Nc1c[nH]nc1-c1nc2ccccc2[nH]1)c1ccccc1
CHEMBL523047,,O=C1Nc2cc(Br)ccc2/C1=C1/Nc2ccccc2/C1=N\OCCBr
CHEMBL523435,,COc1cccc2c(C3=C(c4cn(C)c5cc(I)c(F)cc45)C(=O)NC3=O)coc12
CHEMBL523694,6.72,CCN(CC)CCO/N=C1C(=C2/C(=O)Nc3cc(Br)ccc32)/Nc2ccccc2/1.Cl
CHEMBL523714,6.52,O=C1Nc2cc(Br)ccc2/C1=C1/Nc2ccccc2/C1=N\OCCN1CCNCC1
CHEMBL523780,4.46,COc1ccc(CN/C=C2\C(=O)NC(=O)c3ccc(-c4ccccc4)cc32)cc1O
CHEMBL523923,6.54,O=C(Nc1cccnc1)Nc1c[nH]nc1-c1nc2cc(CN3CCOCC3)ccc2[nH]1
CHEMBL525044,,O=C1Nc2cc(Br)ccc2/C1=C1/Nc2ccccc2/C1=N\OCCO
CHEMBL529661,,O=C1NC(=O)c2ccc(-n3cccc3)cc2/C1=C/Nc1ccc(CN2CCCCC2)cc1
CHEMBL529669,5.77,O=C1NC(=O)c2c1c(-c1ccccc1Cl)cc1c2c2cc(O)ccc2n1CCN1CCOCC1
CHEMBL530335,4.61,CN1CCN(c2ccc(N/C=C3\C(=O)NC(=O)c4ccc(-c5ccoc5)cc43)nn2)CC1
CHEMBL539917,,NNc1nn2c(Cc3ccccc3)nnc2s1
CHEMBL540752,4.72,Cc1nnc2sc(S)nn12
CHEMBL542013,,CCSc1nn2c(C)nnc2s1
CHEMBL550712,,Nc1nc(O)c(Cc2nn3c(Cc4ccccc4)nnc3s2)s1
CHEMBL550855,,Cc1nnc2sc(Cc3n[nH]c4[nH]c(=S)[nH]c(=S)c34)nn12
CHEMBL550856,4.6,Sc1nn2c(Cc3ccccc3)nnc2s1
CHEMBL551258,4.96,Clc1ccc(OCc2nnc3sc(SSc4nn5c(COc6ccc(Cl)cc6)nnc5s4)nn23)cc1
CHEMBL551318,5.17,Cc1nnc2sc(SSc3nn4c(C)nnc4s3)nn12
CHEMBL551663,4.6,c1ccc(CSc2nn3c(Cc4ccccc4)nnc3s2)cc1
CHEMBL551664,,Clc1ccc(OCc2nnc3sc(SCc4ccccc4)nn23)cc1
CHEMBL551722,4.66,Cc1nnc2sc(NN)nn12
CHEMBL553906,,Cc1nnc2sc(-c3ccc(N)cc3)nn12
CHEMBL555229,6.05,Sc1nn2c(COc3ccc(Cl)cc3)nnc2s1
CHEMBL556214,4.92,Cc1nnc2sc(Cc3sc(N)nc3O)nn12
CHEMBL556836,5.28,c1ccc(Cc2nnc3sc(SSc4nn5c(Cc6ccccc6)nnc5s4)nn23)cc1
CHEMBL557237,,CCSc1nn2c(Cc3ccccc3)nnc2s1
CHEMBL557238,,CCSc1nn2c(COc3ccc(Cl)cc3)nnc2s1
CHEMBL559301,6.04,Nc1nc(O)c(Cc2nn3c(COc4ccc(Cl)cc4)nnc3s2)s1
CHEMBL561179,5.19,Nc1ccc(-c2nn3c(COc4ccc(Cl)cc4)nnc3s2)cc1
CHEMBL561708,,COC(=O)Nc1ccc(-c2nc(N3CCOCC3)c3cnn(C4CCN(C(=O)OC)CC4)c3n2)cc1
CHEMBL561985,,Cc1nnc2sc(SCc3ccccc3)nn12
CHEMBL562319,,Nc1ccc(-c2nn3c(Cc4ccccc4)nnc3s2)cc1
CHEMBL563674,4.85,S=c1[nH]c(=S)c2c(Cc3nn4c(Cc5ccccc5)nnc4s3)n[nH]c2[nH]1
CHEMBL563733,4.54,S=c1[nH]c(=S)c2c(Cc3nn4c(COc5ccc(Cl)cc5)nnc4s3)n[nH]c2[nH]1
CHEMBL564829,6.4,CNC(=O)c1nn(C)c2c1C(C)(C)Cc1cnc(Nc3ccc(N4CCN(C)CC4)cc3)nc1-2
CHEMBL570313,4.55,NNc1nn2c(COc3ccc(Cl)cc3)nnc2s1
CHEMBL572878,,Cc1cc(Nc2cc(N3CCN(C)CC3)nc(Sc3ccc(NC(=O)C4CC4)cc3)n2)n[nH]1
CHEMBL597754,8.22,CNC(=O)c1nn(C)c2c1CCc1cnc(NC3CCN(C(=O)C4CCN(S(C)(=O)=O)CC4)CC3)nc1-2
CHEMBL599224,8.3,CC(=O)N1CCC(Nc2ncc3c(n2)-c2c(c(C(N)=O)nn2C)CC3)CC1
CHEMBL599428,8.22,Cn1nc(C(N)=O)c2c1-c1nc(NC3CCN(C(=O)c4ccccc4)CC3)ncc1CC2
CHEMBL601719,,C[C@@H](Oc1cc(-c2cnn(C3CCNCC3)c2)cnc1N)c1c(Cl)ccc(F)c1Cl
CHEMBL602937,,O=C1c2ccccc2-[n+]2ccc3c([nH]c4ccccc43)c21
CHEMBL604712,6.35,CC(C)(C)C(=O)N1Cc2c(NC(=O)c3cc(F)cc(F)c3)n[nH]c2C1(C)C
CHEMBL64758,5.68,O=C1NC(=O)c2c1c1c3ccccc3[nH]c1c1[nH]c3cc(Br)ccc3c21
CHEMBL68975,4.92,CC(C)CCOc1nc(N)nc(N)c1N=O
CHEMBL71484,4.57,Nc1nc(N)c(N=O)c(OCc2ccccc2)n1
CHEMBL81714,,O=C(NCc1ccc(O)cc1O)c1ccc2ccc(C(=O)O)c(O)c2n1
CHEMBL8260,5.18,O=c1cc(-c2ccccc2)oc2cc(O)c(O)c(O)c12
CHEMBL941,,Cc1ccc(NC(=O)c2ccc(CN3CCN(C)CC3)cc2)cc1Nc1nccc(-c2cccnc2)n1